KATEGORIA,TREŚĆ PYTANIA,PIERWSZA,DRUGA,TRZECIA,CZWARTA,NAZWISKO AUTORA PYTANIA,IMIĘ AUTORA PYTANIA,,,,,,,,,,,,,,,,,,,CZWARTA ODPOWIEDŹ (NIEPRAWIDŁOWA)
100,Jak miał na imię genialny fizyk Einstein?,Albert,Aaron,Anthony,Andrew,Herman,Andrzej,,,,,,,,,,,,,,,,,,,Andrew
100,Kto był oficjalnym wynalazcą żarówki?,Thomas Edison,Aleksander Graham Bell,Nicola Tesla,Alan Turing,Herman,Andrzej,,,,,,,,,,,,,,,,,,,Alan Turing
100,Który zespół został mistrzem Polski w piłce nożnej mężczyzn w sezonie 2021/2022?,Lech Poznań,Raków Częstochowa,Legia Warszawa,Pogoń Szczecin,Herman,Andrzej,,,,,,,,,,,,,,,,,,,Pogoń Szczecin
100,W Polsce w standardowych gniazdkach elektrycznych płynie prąd o napięciu:,230V,360V,110V,12V,Herman,Andrzej,,,,,,,,,,,,,,,,,,,12V
100,Jakie miasto jest stolicą Słowacji?,Bratysława,Preszów,Koszyce,Poprad,Herman,Andrzej,,,,,,,,,,,,,,,,,,,Poprad
100,Najpopularniejszy system operacyjny dla komputerów - Windows - to produkt firmy:,Microsoft,Apple,Samsung,IBM,Herman,Andrzej,,,,,,,,,,,,,,,,,,,IBM
100,Czym charakteryzuje się rok przestępny?,jest dłuższy o 1 dzień,występuje co 3 lata,jest krótszy o 1 dzień,lipiec jest dłuższy,Herman,Andrzej,,,,,,,,,,,,,,,,,,,lipiec jest dłuższy
100,Woda to związek?,wodoru z tlenem,azotu z tlenem,dwutlenku węgla z wodorem,chloru z tlenem,Herman,Andrzej,,,,,,,,,,,,,,,,,,,chloru z tlenem
100,Znany producent elektroniki - firma Sony pochodzi z:,Japonii,Korei Południowej,Tajlandii,Chin,Herman,Andrzej,,,,,,,,,,,,,,,,,,,Chin
100,Logo firmy Apple przedstawia:,nadgryzione jabłko,całe jabłko z ogonkiem,nadgryzioną gruszkę,krzak jabłoni,Herman,Andrzej,,,,,,,,,,,,,,,,,,,krzak jabłoni
100,W którym dniu wybuchła II wojna światowa?,1 września 1939 r.,17 września 1939 r.,9 maja 1945 r.,11 listopada 1918 r.,Herman,Andrzej,,,,,,,,,,,,,,,,,,,11 listopada 1918 r.
100,Kulturę jakiego kraju poznają studenci bohemistyki?,Czech,Włoch,Belgii,Hiszpanii,Kłodawska,Joanna,,,,,,,,,,,,,,,,,,,
100,Jak nazywają się góry leżące na granicy Francji i Hiszpanii?,Pireneje,Alpy,Pirin,Valamara,Kłodawska,Joanna,,,,,,,,,,,,,,,,,,,
200,"Jeden hektar pola, to?",kwadrat o bokach 100m x 100m,koło o średnicy 1000 m,kwadrat o bokach 1000m x 1000m,prostokąt o bokach 1000m x 100m,Herman,Andrzej,,,,,,,,,,,,,,,,,,,prostokąt o bokach 1000m x 100m
200,Robert Lewandowski nigdy nie grał w zespole:,Manchesteru United,Znicza Pruszków,FC Barcelony,Borrusii Dortmund,Herman,Andrzej,,,,,,,,,,,,,,,,,,,Borrusii Dortmund
200,Na tablicy Mendelejewa symbolem P oznaczony jest ...,fosfor,azot,potas,hel,Herman,Andrzej,,,,,,,,,,,,,,,,,,,hel
200,Podaj dokładną datę Bitwy pod Grunwaldem,15 lipca 1410 r.,15 lipca 1420 r.,15 sierpnia 1410 r.,10 lipca 1410 r.,Herman,Andrzej,,,,,,,,,,,,,,,,,,,10 lipca 1410 r.
200,W którym roku Polska została członkiem NATO?,1999,2000,1997,2010,Herman,Andrzej,,,,,,,,,,,,,,,,,,,2010
200,Aktor Bronisław Cieślak wcielił się w rolę:,komunistycznego milicjanta o kryptonimie 07,agenta o kryptonimie 007,Janosika,dozorcę z serialu 'Alternatywy 4',Herman,Andrzej,,,,,,,,,,,,,,,,,,,dozorcę z serialu 'Alternatywy 4'
200,Data terrorystycznego ataku na budynki WTC w Nowym Yorku to:,11 września 2001 r.,1 września 2001 r.,11 września 2011 r.,4 lipca 2015 r.,Herman,Andrzej,,,,,,,,,,,,,,,,,,,4 lipca 2015 r.
200,"Miernik poziomu dźwięku, to?",sonometr,higrometr,barometr,dozymetr,Herman,Andrzej,,,,,,,,,,,,,,,,,,,dozymetr
200,Ile złotych medali olimpijskich zdobył Adam Małysz?,0,1,2,3,Herman,Andrzej,,,,,,,,,,,,,,,,,,,3
200,Stolicą jakiego kraju jest Montevideo?,Urugwaju,Andory,Malty,Maroko,Kłodawska,Joanna,,,,,,,,,,,,,,,,,,,
200,Kto odnajduje Hefalumpa w Stuwiekowym Lesie?,Maleństwo,Prosiaczek,Kubuś,Krzyś,Kłodawska,Joanna,,,,,,,,,,,,,,,,,,,
500,Album '100 dni do matury' został nagrany przez polskiego rapera o pseudonimie:,Mata,Liroy,Żabson,Taco Hemingway,Herman,Andrzej,,,,,,,,,,,,,,,,,,,Taco Hemingway
500,Tradycyjne gruzińskie chinkali wypełnione są:,mięsem,kozim serem,pieczarkami,owczym serem,Herman,Andrzej,,,,,,,,,,,,,,,,,,,owczym serem
500,Która rzeka jest najdłuższą rzeką Ukrainy?,Dniepr,Prypeć,Desna,Worskla,Herman,Andrzej,,,,,,,,,,,,,,,,,,,Worskla
500,Olaf Lubaszenko nie wyreżyserował filmu?,Psy 2,Sztos,Chłopaki nie płaczą,Kosmici,Herman,Andrzej,,,,,,,,,,,,,,,,,,,Kosmici
500,Na akord można?,pracować,spać,śpiewać,podróżować,Herman,Andrzej,,,,,,,,,,,,,,,,,,,podróżować
500,Pumba z filmu animowanego 'Król Lew' był:,guźcem,lwem,surykatką,żyrafą,Herman,Andrzej,,,,,,,,,,,,,,,,,,,żyrafą
500,Ile tytułów wielkoszlemowych zdobyła Iga Świątek?,3,0,1,4,Herman,Andrzej,,,,,,,,,,,,,,,,,,,4
500,Kultowy serial 'Breaking Bad' został wyprodukowany przez:,Netflix,Canal Plus,Disney Production,Paramount Pictures,Herman,Andrzej,,,,,,,,,,,,,,,,,,,Paramount Pictures
500,Z iloma państwami graniczy Polska?,z siedmioma,z sześcioma,z ośmioma,z pięcioma,Herman,Andrzej,,,,,,,,,,,,,,,,,,,z pięcioma
500,"Jak nazywał się francuski kardynał, znany z powieści 'Trzej Muszkieterowie'",Richelieu,Rivaux,Dunois,D’Artagnan,Kłodawska,Joanna,,,,,,,,,,,,,,,,,,,
500,"Jak miał na nazwisko Adaś, nowy uczeń Akademii Pana Kleksa?",Niezgódka,Nicpoń,Miauczyński,Miodek,Kłodawska,Joanna,,,,,,,,,,,,,,,,,,,
1000,Michael Jordan zdobył tytuły mistrza NBA z drużyną:,Chicago Bulls,Orlando Magic,Houston Rockets,Boston Celtics,Herman,Andrzej,,,,,,,,,,,,,,,,,,,Boston Celtics
1000,Reżyserem filmu 'PitBull' jest:,Patryk Vega,Władysław Pasikowski,Cezary Pazura,Wojciech Smarzowski,Herman,Andrzej,,,,,,,,,,,,,,,,,,,Wojciech Smarzowski
1000,Która z wymienionych osób nie otrzymała Nagrody Nobla?,Krzysztof Penderecki,Władysław Reymont,Lech Wałęsa,Olga Tokarczuk,Herman,Andrzej,,,,,,,,,,,,,,,,,,,Olga Tokarczuk
1000,Co łączy ze sobą rowerowa szprycha?,piastę z obręczą,obręcz z dętką,dętkę z piastą,obręcz z widelcem,Herman,Andrzej,,,,,,,,,,,,,,,,,,,obręcz z widelcem
1000,Co nie jest zakazane w MMA?,duszenie,uderzanie głową,gryzienie,cios w genitalia,Herman,Andrzej,,,,,,,,,,,,,,,,,,,cios w genitalia
1000,"Jak nazywał się największy statek Krzysztofa Kolumba, na którym dotarł do Ameryki?",Santa Maria,Pinta,Nina,Santa Clara,Herman,Andrzej,,,,,,,,,,,,,,,,,,,Santa Clara
1000,Religią dominującą w Japonii jest buddyzm oraz...,szinto,chrześcijaństwo,islam,hindiuzm,Herman,Andrzej,,,,,,,,,,,,,,,,,,,hindiuzm
1000,Najdłuższą rzeką w Polsce jest Wisła. Ile kilometrów mierzy?,1047 km,1134 km,986 km,1006 km,Herman,Andrzej,,,,,,,,,,,,,,,,,,,1006 km
1000,Jaka firma stoi za sukcesem Game Boy?,Nintendo,Qualcomm,Bowser,Xbox,Kłodawska,Joanna,,,,,,,,,,,,,,,,,,,
1000,"Z jakiego kraju pochodził słynny piłkarz, Pele?",Z Brazylii,Z Hiszpanii,Z Kanady,Z Argentyny,Kłodawska,Joanna,,,,,,,,,,,,,,,,,,,
5000,Ilu sąsiadów Polski ma dostęp do morza?,czterech,dwóch,trzech,jeden,Herman,Andrzej,,,,,,,,,,,,,,,,,,,jeden
5000,Główną postać filmu 'Skazani na Showshank' - bankiera skazanego na dożywocie - zagrał:,Tim Robbins,Brad Pitt,Morgan Freeman,George Clooney,Herman,Andrzej,,,,,,,,,,,,,,,,,,,George Clooney
5000,Rybą nie jest?,kraska,świnka,rozpiór,krasnopiórka,Herman,Andrzej,,,,,,,,,,,,,,,,,,,krasnopiórka
5000,Która z wymienionych substancji nie jest związkiem chemicznym?,deuter,woda,celuloza,spirytus,Herman,Andrzej,,,,,,,,,,,,,,,,,,,spirytus
5000,Komiksowym 'dzieckiem' rysownika Boba Kane’a jest:,Batman,Superman,Spiderman,Kapitan Ameryka,Herman,Andrzej,,,,,,,,,,,,,,,,,,,Kapitan Ameryka
5000,Skąd pochodzi Conan Barbarzyńca?,z Cimmerii,z Mordoru,z Rivii,z Oz,Herman,Andrzej,,,,,,,,,,,,,,,,,,,z Oz
5000,"Pierwszy kraj, w którym zaczęto wydawać gazetę codzienną to:",Niemcy,Wielka Brytania,Francja,Szwajcaria,Herman,Andrzej,,,,,,,,,,,,,,,,,,,Szwajcaria
5000,Jaki wybitny aktor amerykański jest potomkiem prezydenta Abrahama Lincolna?,Tom Hanks,Clint Eastwood,Tom Cruise,Anthony Hopkins,Kłodawska,Joanna,,,,,,,,,,,,,,,,,,,
5000,Pod jakim miastem król Jan III Sobieski zadał klęskę Turkom?,pod Wiedniem,pod Monte Cassino,pod Lwowem,pod Grunwaldem,Kłodawska,Joanna,,,,,,,,,,,,,,,,,,,
10000,Film 'Dyktator' z wybitną rolą Charliego Chaplina parodiował postać:,Hitlera,Franco,Stalina,Mussoliniego,Herman,Andrzej,,,,,,,,,,,,,,,,,,,Mussoliniego
10000,Do organizmów jednokomórkowych zaliczamy:,drożdze,gąbki,pierścienice,nowotwory,Herman,Andrzej,,,,,,,,,,,,,,,,,,,nowotwory
10000,Kto napisał słynną operę 'Carmen'?,Georges Bizet,Giuseppe Verdi,Giacomo Puccini,Gioacchino Rossini,Herman,Andrzej,,,,,,,,,,,,,,,,,,,Gioacchino Rossini
10000,Który polski dowódca miał pseudonim Michał Czarnecki?,Romuald Traugutt,Władysław Sikorski,Józef Wysocki,Witold Pilecki,Herman,Andrzej,,,,,,,,,,,,,,,,,,,Witold Pilecki
10000,Ciało dorosłej osoby składa się z 206 kości. Z iloma kośćmi się rodzimy?,ponad 300,całe życie mamy tyle samo,około 180,około 280,Herman,Andrzej,,,,,,,,,,,,,,,,,,,około 280
10000,Jaki jest najstarszy pełny polski przekład Biblii?,Biblia krakowska,Biblia brzeska,Biblia Królowej Zofii,Biblia ks. Wujka,Herman,Andrzej,,,,,,,,,,,,,,,,,,,Biblia ks. Wujka
10000,Z ilu wysp i wysepek składa się Fidżi?,z ponad 830,z 19,około 330,równo 1254,Herman,Andrzej,,,,,,,,,,,,,,,,,,,równo 1254
10000,Które z wymienionych miast leży we włoskiej prowincji Lombardia?,Mediolan,Neapol,Werona,Bergamo,Herman,Andrzej,,,,,,,,,,,,,,,,,,,Bergamo
10000,Które zwierzę nie należy do parzystokopytnych?,nosorożec,hipopotam,okapi,wielbłąd,Herman,Andrzej,,,,,,,,,,,,,,,,,,,wielbłąd
10000,Która z kolei planeta naszego układu jest najgorętsza?,Pierwsza,Druga,Trzecia,Czwarta,Kłodawska,Joanna,,,,,,,,,,,,,,,,,,,
10000,Jak nazywają się najwyzsze góry Wielkiej Brytanii?,Grampiany,Góry Kambryjskie,Góry Kumbryjskie,Góry Penninskie,Kłodawska,Joanna,,,,,,,,,,,,,,,,,,,
50000,Kto jest autorem słynnego cytatu 'Dobrze widzi się tylko sercem. Najważniejsze jest niewidoczne dla oczu'?,Antoine de Saint-Exupéry,Michaił Bułhakow,Wisława Szymborska,Paulo Coelho,Herman,Andrzej,,,,,,,,,,,,,,,,,,,Paulo Coelho
50000,Temudżyn to znany później:,Czingis-han,Kara Mustafa,Sulejman Wspaniały,Marco Polo,Herman,Andrzej,,,,,,,,,,,,,,,,,,,Marco Polo
50000,W którym państwie jednym z języków oficjalnych jest język migowy?,w Nowej Zelandii,w Norwegii,w Szwajcarii,w Stanach Zjednoczonych,Herman,Andrzej,,,,,,,,,,,,,,,,,,,w Stanach Zjednoczonych
50000,Który matematyk jest twórcą geometrii wykreślnej?,Gaspard Monge,Évariste Galois,Leonhard Euler,Pierre Simon de Laplace,Herman,Andrzej,,,,,,,,,,,,,,,,,,,Pierre Simon de Laplace
50000,Jaki wulkan wywołał najpotężniejszą erupcję w zarejestrowanej historii ludzkości?,Tambora,Pinatubo,Santorini,Krakatau,Herman,Andrzej,,,,,,,,,,,,,,,,,,,Krakatau
50000,Który amerykański lotniskowiec został zatopiony w Bitwie o Midway w dniach 4–7 czerwca 1942 r. ?,USS Yorktown,USS Enterprise,USS Hornet,USS George Washington,Herman,Andrzej,,,,,,,,,,,,,,,,,,,USS George Washington
50000,Kto jest autorem pierwszej polskiej powieści nowożytnej?,Ignacy Krasicki,Jan Kochanowski,Jan Potocki,Julian Ursyn Niemcewicz,Herman,Andrzej,,,,,,,,,,,,,,,,,,,Julian Ursyn Niemcewicz
50000,"Kto użyczył głosu chochołowi w 'Weselu"" Wajdy?",Czesław Niemen,Henryk Łapiński,Marek Grechuta,Zbigniew Zamachowski,Kłodawska,Joanna,,,,,,,,,,,,,,,,,,,
50000,"Jak nazywał się mistrz olimpijski, który zagrał w filmie 'Piraci' Polańskiego?",Władysław Komar,Jan Szczepański,Marek Dąbrowski,Józef Zapędzki,Kłodawska,Joanna,,,,,,,,,,,,,,,,,,,
50000,Która rzeka uchodzi do Sekwany w pobliżu Paryża?,Marna,Essonne,Yonne,Oust,Herman,Andrzej,,,,,,,,,,,,,,,,,,,Oust
10000,Który ocean jest największy?,Ocean Spokojny,Ocean Indyjski,Ocean Atlantycki,Ocean Południowy,Kwiatkowski,Mateusz,,,,,,,,,,,,,,,,,,,Ocean Południowy
1000,Ile strun ma altówka?,4,3,5,6,Kwiatkowski,Mateusz,,,,,,,,,,,,,,,,,,,6
5000,Jakiej narodowości był Isaac Newton?,był Anglikiiem,był Amerykaninem,był Francuzem,był Szkotem,Kwiatkowski,Mateusz,,,,,,,,,,,,,,,,,,,był Szkotem
1000,Jaka jest średnia temperatura na ZIemi?,15 stopni,0 stopni,10 stopni,20 stopni,Kwiatkowski,Mateusz,,,,,,,,,,,,,,,,,,,20 stopni
50000,Tenochtitlan to miasto bedące stolicą,Azteków,Inków,Majów,Olmeków,Kwiatkowski,Mateusz,,,,,,,,,,,,,,,,,,,Olmeków
5000,Gdzie u psów znajdują się gruczoły potowe?,Pod opuszkami łap,Pod przednimi łapami,Na języku,Na całym ciele,Kwiatkowski,Mateusz,,,,,,,,,,,,,,,,,,,Na całym ciele
10000,Rzeka Senat leży na terenie,Belgii,Francji,Potugalii,Hiszpani,Kwiatkowski,Mateusz,,,,,,,,,,,,,,,,,,,Hiszpani
200,Jaka firma wyprodukowała konsole Xbox Series X/S?,Microsoft,Sony,Nintendo,Panasonic,Grobela,Dawid,,,,,,,,,,,,,,,,,,,Panasonic
100,Jaka jest stolica Portugalii,Lizbona,Porto,Coimbra,Madryt,Kwiatkowski,Mateusz,,,,,,,,,,,,,,,,,,,Madryt
100,Na jakim kontynencie znajduje się największa pustynia świata?,Antarktyda,Ameryka Południowa,Ameryka Północna,Azja,Maruszak-Zawodnik,Oliwia,,,,,,,,,,,,,,,,,,,Azja
1000,W jakiej dyscyplinie sportowej sukcesy odnosi Simone Biles?,w gimnastyce,w skoku w dal,w podnoszeniu ciężarów,w pchnięciu kuli,Maruszak-Zawodnik,Oliwia,,,,,,,,,,,,,,,,,,,w pchnięciu kuli
10000,W jakim mieście znajduje się Galeria Sław NFL?,"Canton, Ohio","Canastota, Nowy York","Alcobendas, Hiszpania",Florencja,Maruszak-Zawodnik,Oliwia,,,,,,,,,,,,,,,,,,,Florencja
5000,Jaką wysokość ma regulaminowy kosz NBA?,"10 stóp / 3,02 metra","9,84 stóp / 3,00 metry","10,10 stóp / 3,08 metra","10,2 stóp / 3,10 metra",Maruszak-Zawodnik,Oliwia,,,,,,,,,,,,,,,,,,,"10,2 stóp / 3,10 metra"
200,W jakiej stolicy znajduje się pomnik Małej Syrenki?,Kopenhaga,Tokyo,Paryż,Dublin,Maruszak-Zawodnik,Oliwia,,,,,,,,,,,,,,,,,,,Dublin
100,Która część ciała jest w pełni rozwinięta od urodzenia?,oczy,uszy,nos,usta,Maruszak-Zawodnik,Oliwia,,,,,,,,,,,,,,,,,,,usta
200,Jak nazywa się święto 26 grudnia w Irlandii?,Dzień Świętego Szczepana,Dzień Świętego Patryka,Dzień Pamięci i Uznania,October Bank Holiday,Maruszak-Zawodnik,Oliwia,,,,,,,,,,,,,,,,,,,October Bank Holiday
5000,"Która luka w zabezpieczeniach aplikacji internetowych według OWASP Top 10 na rok 2021, była najczęstsza ?",Broken Access Control,XSS (Cross Site Scripting),IDOR (Insecure Direct Object References),SSRF (Server-side Request Forgery),Łoniewski,Antoni,,,,,,,,,,,,,,,,,,,SSRF (Server-side Request Forgery)
100,"Jakie miasto jest znane jako ""Wieczne Miasto""?",Rzym,Florencja,Werona,Neapol,Maruszak-Zawodnik,Oliwia,,,,,,,,,,,,,,,,,,,Neapol
100,W jakim muzeum znajdują się Marmury Partenonu?,Muzeum Brytyjskie,Tower Of London,Pałac Buckingham,Muzeum Historii Naturalnej w Londynie,Maruszak-Zawodnik,Oliwia,,,,,,,,,,,,,,,,,,,Muzeum Historii Naturalnej w Londynie
500,"Jak na imię miał Wokulski, bohater książki Bolesława Prusa pt. 'Lalka' ?",Stanisław,Stefan,Ignacy,Seweryn,Kwiatkowski,Mateusz,,,,,,,,,,,,,,,,,,,Seweryn
1000,Kto jest prekursorem psychoanalizy?,Zygmunt Freuda,Carl Gustav Jung,Henry Murray,Erik Erikson,Łoniewski,Antoni,,,,,,,,,,,,,,,,,,,Erik Erikson
500,"Jaka firma programistyczna ma siedzibę w Redmond, Waszyngton?",Microsoft,Nintendo,iLink System,Lenovo,Maruszak-Zawodnik,Oliwia,,,,,,,,,,,,,,,,,,,Lenovo
50000,Która klasyfikacja chorób obowiązuje w Polsce ?,ICD - 11,ICD - 10,Dsm - 5,Dsm - 4,Łoniewski,Antoni,,,,,,,,,,,,,,,,,,,Dsm - 4
5000,"Który standard ANSI, wprowadził termin 'ANSI escape codes' ?",X3.64,X3.263,X3.17,X3.182,Łoniewski,Antoni,,,,,,,,,,,,,,,,,,,X3.182
100,Ile minut trwa tydzień?,10080 minut,10120 minut,9980 minut,10020 minut,Maruszak-Zawodnik,Oliwia,,,,,,,,,,,,,,,,,,,10020 minut
50000,Który utwór Juliusza Słowackiego napisany jest prozą?,Anhelli',Godzina myśli',Arab',W Szwajcarii',Kwiatkowski,Mateusz,,,,,,,,,,,,,,,,,,,W Szwajcarii'
100,Który kod statusu odpowiedzi HTTP oznacza 'OK' ?,200,201,100,302,Łoniewski,Antoni,,,,,,,,,,,,,,,,,,,302
200,"Attyka, Epir, Tesalia, to regiony jakiego państwa?",Grecji,Hiszpani,Włoch,Turcji,Maruszak-Zawodnik,Oliwia,,,,,,,,,,,,,,,,,,,Turcji
10000,Dawka LD50 wody dla dorosłego człowieka ważącego 75 kilogramów to około:,6 litrów,10 litrów,50 litrów,4.5 litra,Łoniewski,Antoni,,,,,,,,,,,,,,,,,,,4.5 litra
100,"Listwa biegnąca wzdłuż krawędzi jachtu i wystająca na kilka centymetrów ponad pokład, to?",reling,listwa odbojowa,nadburta,bakburta,Maruszak-Zawodnik,Oliwia,,,,,,,,,,,,,,,,,,,bakburta
200,W hymnie którego państwa jest wzmianka o Polsce?,Włoch,Stanów Zjednoczonych,Szwecji,Hiszpanii,Maruszak-Zawodnik,Oliwia,,,,,,,,,,,,,,,,,,,Hiszpanii
200,Kto stworzył hymn narodowy Polski?,Józef Wybicki,Jan Dąbrowski,Krzysztof Penderecki,Fryderyk Chopin,Kwiatkowski,Mateusz,,,,,,,,,,,,,,,,,,,Fryderyk Chopin
10000,Reaktory wykorzystywane w Czarnobylu w roku katastrofy to:,RBMK-1000,RBMK-239,RBMK-4,VVER,Łoniewski,Antoni,,,,,,,,,,,,,,,,,,,VVER
100,Topiarz fryty to pracownik?,huty,kopalni,baru szybkiej obsługi,gospodarstwa rybackiego,Maruszak-Zawodnik,Oliwia,,,,,,,,,,,,,,,,,,,gospodarstwa rybackiego
1000,Amunicją bocznego zapłonu jest nabój w kalibrze:,.22 LR,9x19 Parabellum,5.56x45 NATO,7.62x25 Tokarev,Łoniewski,Antoni,,,,,,,,,,,,,,,,,,,7.62x25 Tokarev
200,Która para zawodników bierze udział w zawodach hippicznych?,jeździec i koń,treser i pies,kierowca i pilot,wioślarz i sternik,Maruszak-Zawodnik,Oliwia,,,,,,,,,,,,,,,,,,,wioślarz i sternik
200,Które angielskie miasto znane było kiedyś jako Duroliponte?,Cambridge,Birmingham,Edynburg,Sheffield,Maruszak-Zawodnik,Oliwia,,,,,,,,,,,,,,,,,,,Sheffield
100,Ile stref czasowych jest w Rosji?,11,10,12,9,Maruszak-Zawodnik,Oliwia,,,,,,,,,,,,,,,,,,,9
200,"W przybliżeniu, ile głów jest na Wyspie Wielkanocnej?",ok. 1000,ok.2000,ok.500,ok.1500,Maruszak-Zawodnik,Oliwia,,,,,,,,,,,,,,,,,,,ok.1500
10000,Pierwszy znany robak komputerowy wycelowany w systemy ICS i SCADA to:,Stuxnet,Code Red,ILOVEYOU,Toxbot,Łoniewski,Antoni,,,,,,,,,,,,,,,,,,,Toxbot
500,Ile cyfr po przecinku do tej pory ustalono w liczbie Pi?,"62,8 biliona miejsc po przecinku","60,7 biliona miejsc po przecinku","63,8 biliona miejsc po przeciku","62,8 tryliona miejsc po przecinku",Maruszak-Zawodnik,Oliwia,,,,,,,,,,,,,,,,,,,"62,8 tryliona miejsc po przecinku"
200,Rosyjski system GNSS to:,GLONASS,BeiDou,QZSS,GPS,Łoniewski,Antoni,,,,,,,,,,,,,,,,,,,GPS
200,Pierwszy etap metody naukowej to ...,badanie,obserwacja,sformułowanie problemu badawczego,powstawanie hipotezy,Herman,Andrzej,,,,,,,,,,,,,,,,,,,powstawanie hipotezy
200,Jaka jest nazwa najdłuższej rzeki w Wielkiej Brytanii?,Severn,Tamiza,Wye,Trent,Maruszak-Zawodnik,Oliwia,,,,,,,,,,,,,,,,,,,Trent
1000,W którym roku zespół Piasta Gliwice został jedyny raz mistrzem Polski w piłce nożnej mężczyzn?,w 2019,w 1975,w 1988,w 2014,Herman,Andrzej,,,,,,,,,,,,,,,,,,,w 2014
500,Ilu zawodników jednej drużyny bierze udział w zawodach futsalu?,4 plus bramkarz,6 plus bramkarz,5 plus bramkarz,9 łącznie z bramkarzem,Herman,Andrzej,,,,,,,,,,,,,,,,,,,9 łącznie z bramkarzem
500,W którym roku powstał Łódzki Klub Sportowy (ŁKS)?,w 1908,w 1910,w 1922,w 1935,Herman,Andrzej,,,,,,,,,,,,,,,,,,,w 1935
1000,"Najwyższym stopniem DEFCON, oznaczającym wojnę jądrową jest liczba:",st.1,st.2,st.4,st.5,Łoniewski,Antoni,,,,,,,,,,,,,,,,,,,st.5
200,Głównym składnikiem piwa jest:,woda,chmiel,sód,cukier,Bogunia,Kacper,,,,,,,,,,,,,,,,,,,cukier
100,Jaki jest najmniejszy ptak na świecie?,koliber,mysikrólik,pingwin mały,strzyżyk,Bogunia,Kacper,,,,,,,,,,,,,,,,,,,strzyżyk
200,Na banknocie 200 zł widnieje portret ...,Zygmunta I Starego,Królowej Jadwigi,Jana III Sobieskiego,Zygmunta III Wazy,Bogunia,Kacper,,,,,,,,,,,,,,,,,,,Zygmunta III Wazy
500,Kto wygrał mistrzostwa świata w piłce nożnej mężczyzn w 2018?,Francja,Belgia,Chorwacja,Anglia,Bogunia,Kacper,,,,,,,,,,,,,,,,,,,Anglia
10000,Chiropterologia zajmuje się badaniem...,nietoperzy,ślimaków,modliszek,sów,Herman,Andrzej,,,,,,,,,,,,,,,,,,,sów
5000,Ostatnia publiczna egzekucja w USA odbyła się w:,1936 r.,1939 r.,1940 r.,1928 r.,Bogunia,Kacper,,,,,,,,,,,,,,,,,,,1928 r.
100,Jaki jest symbol chemiczny złota?,Au,Ag,Ch,Al,Bogunia,Kacper,,,,,,,,,,,,,,,,,,,Al
50000,Elementem budowy mikroskopu nie jest...,igła preparacyjna,rewolwer,tubus,kondensor,Herman,Andrzej,,,,,,,,,,,,,,,,,,,kondensor
200,W którym roku Łódź uzyskała prawa miejskie?,w 1423,w 1523,w 1887,w 1813,Herman,Andrzej,,,,,,,,,,,,,,,,,,,w 1813
100,Kto był pierwszym królem Polski?,Bolesław Chrobry,Mieszko I,Mieszko II Lambert,Kazimierz I Odnowiciel,Herman,Andrzej,,,,,,,,,,,,,,,,,,,Kazimierz I Odnowiciel
100,Ile lat Polska była pod zaborami?,123 lata,121 lat,100 lat,118 lat,Herman,Andrzej,,,,,,,,,,,,,,,,,,,118 lat
1000,Na jakim kontynencie leżą Malediwy?,w Azji,w Europie,w Afryce,w Ameryce Południowej,Bogunia,Kacper,,,,,,,,,,,,,,,,,,,w Ameryce Południowej
50000,W której części świata używa się języka tagalog?,na Filipinach,w Brazylii i Boliwii,na Grenlandii,w Kambodży,Bogunia,Kacper,,,,,,,,,,,,,,,,,,,w Kambodży
10000,Jaką głębokość ma Rów Mariański - najgłębsze odkryte miejsce na ziemi?,ok. 10 900 m.,ok. 11 600 m,ok. 9 900 m,ok. 12 100 m,Herman,Andrzej,,,,,,,,,,,,,,,,,,,ok. 12 100 m
100,Powierzchnia Polski to:,ok. 312 tyś km kw.,ok. 328 tyś km kw.,ok. 299 tyś km kw.,ok. 401 tyś km kw.,Herman,Andrzej,,,,,,,,,,,,,,,,,,,ok. 401 tyś km kw.
200,Ukraina jest?,republiką parlamentarną,dyktaturą,federacją niepodległych państw,monarchią konstytucyjną,Herman,Andrzej,,,,,,,,,,,,,,,,,,,monarchią konstytucyjną
10000,Które z polskich miast ma najlepiej rozwiniętą komunikację trolejbusową?,Gdynia,Opole,Szczecin,Tychy,Bogunia,Kacper,,,,,,,,,,,,,,,,,,,Tychy
1000,Malaria jest chorobą wywoływaną przez:,pierwotniaki,bakterie,wirusy,grzyby,Bogunia,Kacper,,,,,,,,,,,,,,,,,,,grzyby
500,Organizacja kryjąca się pod skrótem WHO to:,Światowa Organizacja Zdrowia,Światowa Organizacja Praw Dziecka,Organizacja Narodów Zjednoczonych,Europejska Organizacja Rozwoju,Herman,Andrzej,,,,,,,,,,,,,,,,,,,Europejska Organizacja Rozwoju
500,Ile arkuszy papieru liczy ryza?,500,100,250,1000,Bogunia,Kacper,,,,,,,,,,,,,,,,,,,1000
5000,Jak duży procent wody na Ziemi stanowi woda słodka?,około 3%,około 9%,około 15%,około 32%,Bogunia,Kacper,,,,,,,,,,,,,,,,,,,około 32%
5000,Do ciężkiej atletyki zaliczamy:,zapasy,rzut młotem,skok o tyczce,dziesięciobój atletyczny,Bogunia,Kacper,,,,,,,,,,,,,,,,,,,dziesięciobój atletyczny
50000,Wzrost hałasu o ile dB będzie odczuwalny przez człowieka jak dwukrotny wzrost głośności?,3 dB,10 db,16 dB,20 dB,Herman,Andrzej,,,,,,,,,,,,,,,,,,,20 dB
10000,Jak nazywa się najstarsze znane urządzenie do zapisu dźwięku?,fonautograf,gramofon,patefon,fonograf,Herman,Andrzej,,,,,,,,,,,,,,,,,,,fonograf
10000,"Ile szczytów górskich o wysokości ponad ośmiu tysięcy metrów, wznosi się w Himalajach?",dziesięć,siedem,pięć,jedenaście,Bogunia,Kacper,,,,,,,,,,,,,,,,,,,jedenaście
50000,Którego kraju hymnem państwowym jest pieśń 'Gwiaździsty Sztandar'?,Stanów Zjednoczonych,Izraela,Nowej Zelandii,Argentyny,Herman,Andrzej,,,,,,,,,,,,,,,,,,,Argentyny
5000,Akuszerka to:,kobieta zajmująca się przyjmowaniem porodów,służąca,pokojówka,kobieta bezdzietna,Herman,Andrzej,,,,,,,,,,,,,,,,,,,kobieta bezdzietna
5000,Człowiek na siłę szukający w sobie choroby to:,hipochondryk,meteopata,pesymista,konformista,Herman,Andrzej,,,,,,,,,,,,,,,,,,,konformista
50000,"Kto był trenerem reprezentacji Polski, która w 1992 roku zdobyła srebrny medal olimpijski w Barcelonie?",Janusz Wójcik,Antoni Piechniczek,Andrzej Strejlau,Jerzy Engel,Bogunia,Kacper,,,,,,,,,,,,,,,,,,,Jerzy Engel
5000,Głównym składnikiem popularnej 'Aspiryny' jest:,kwas acetylosalicylowy,kwas azotowy,kwas bromowodorowy,kwas fosforowy,Herman,Andrzej,,,,,,,,,,,,,,,,,,,kwas fosforowy
1000,"Odrażający drab z Kabaretu Starszych Panów dubeltówkę weźmie, wyjdzie i...:","buch, buch!",z rur dwóch,rach-ciach!,bum w brzuch,Kupś,Artur,,,,,,,,,,,,,,,,,,,bum w brzuch
100,W czyim domu nie mówi się o sznurze?,powieszonego,praczki,linoskoczka,powroźnika,Kupś,Artur,,,,,,,,,,,,,,,,,,,powroźnika
100,Naczynie z sitkiem to:,konewka,łyżka cedzakowa,maszynka do mięsa,prysznic,Kupś,Artur,,,,,,,,,,,,,,,,,,,prysznic
5000,Ile gatunków trufli występuje w Polsce?,dziewięć,pięć,trufle nie występują w Polsce,jeden,Herman,Andrzej,,,,,,,,,,,,,,,,,,,jeden
5000,Ile wynosi obecnie rekord świata w skoku wzwyż mężczyzn?,"2,45 m","2,38 m","2,40 m","2,27 m",Herman,Andrzej,,,,,,,,,,,,,,,,,,,"2,27 m"
5000,Suspens to chwyt stosowany:,w filmach,we wspinaczce klasycznej,w grze na gitarze,w zapasach,Kupś,Artur,,,,,,,,,,,,,,,,,,,w zapasach
500,"Dokończ cytat: 'Opowiem ci bajkę, jak kot palił fajkę, a kocica papierosa...'",...upaliła kawał nosa,"...w fifce, byle dalej nosa",...kocięta zaś skręta,...te koty zeszły z drogi cnoty,Kupś,Artur,,,,,,,,,,,,,,,,,,,...te koty zeszły z drogi cnoty
5000,Co to są 'juniorki'?,za czasów PRL określenie szkolnego obuwia,batony czekoladowe,członkinie jury w łyżwiarstwie figurowym,chipsy dla dzieci,Herman,Andrzej,,,,,,,,,,,,,,,,,,,chipsy dla dzieci
500,"Największa powódź w Polsce po II wojnie światowej, miała miejsce w 1997 roku:",we Wrocławiu i okolicach,pod Krakowem,w okolicach Szczecina,we Włocławku,Herman,Andrzej,,,,,,,,,,,,,,,,,,,we Włocławku
200,"Cyfra 4 w systemie dziesiętnym, to w systemie binarnym:",100,110,101,111,Herman,Andrzej,,,,,,,,,,,,,,,,,,,111
1000,Kolor żółty w zapisie szesnastkowym palety barw RGB to:,#FFFF00,#FFFFFF,#FF0000,#EFEFEF,Herman,Andrzej,,,,,,,,,,,,,,,,,,,#EFEFEF
500,Siedzibą Parlamentu Europejskiego jest:,"Strasburg, Francja","Bruksela, Belgia","Lozanna, Szwajcaria","Wiedeń, Austria",Herman,Andrzej,,,,,,,,,,,,,,,,,,,"Wiedeń, Austria"
1000,"Liczba 32-bitowa, pozwalająca na identyfikację urządzenia w sieci oraz adresowanie danych, to:",adres IP,host,DNS,DHCP,Herman,Andrzej,,,,,,,,,,,,,,,,,,,DHCP
500,Kraj o najwyższej oczekiwanej długości życia to?,Chiny,Stany Zjednoczone,Indie,Brazylia,Perapich,Valery,,,,,,,,,,,,,,,,,,,Brazylia
200,Jak nazywał się pierwszy amerykański statek kosmiczny wykorzystany w lotach na Księżyc?,Apollo,Herald,Asterix,Kapitol,Perapich,Valery,,,,,,,,,,,,,,,,,,,Kapitol
100,W jakich jednostkach mierzy się rozdzielczość monitorów?,w pikselach,w megapikselach,w megabajtach,w nanometrach,Perapich,Valery,,,,,,,,,,,,,,,,,,,w nanometrach
1000,Jakiej części ciała brakuje rekinowi?,pęcherza pływackiego,wątroby,żołądka,nerek,Perapich,Valery,,,,,,,,,,,,,,,,,,,nerek
5000,Co to jest Izmir?,miasto w Turcji,minerał górski,pierwiastek chemiczny,metal szlachetny,Perapich,Valery,,,,,,,,,,,,,,,,,,,metal szlachetny
50000,Który ze starożytnych filozofów mieszkał w beczce?,Diogenes,Sokrates,Płaton,Arystoteles,Perapich,Valery,,,,,,,,,,,,,,,,,,,Arystoteles
500,Jak nazywa się dwumiejscowy rower?,tandem,pandan,duet,dual,Perapich,Valery,,,,,,,,,,,,,,,,,,,dual
50000,Alfred Southwick - wynalazca krzesła elektrycznego z zawodu był?,dentystą,elektrykiem,spawaczem,chirurgiem,Perapich,Valery,,,,,,,,,,,,,,,,,,,chirurgiem
100,Miejsce w którym odpoczywają wilki to?,legowisko,pieczara,nora,podziemie,Perapich,Valery,,,,,,,,,,,,,,,,,,,podziemie
100,Nietoperz to:,ssak,ptak,gad,płaz,Karbowiak,Dawid,,,,,,,,,,,,,,,,,,,płaz
100,Które zwierzę jest kręgowcem?,jaszczurka,ośmiornica,pająk,ważka,Karbowiak,Dawid,,,,,,,,,,,,,,,,,,,ważka
100,Do ochrony komputera przed wirusami używamy?,programu antywirusowego,drukarki,myszki,skanera,Karbowiak,Dawid,,,,,,,,,,,,,,,,,,,skanera
100,Stolicą Czech jest:,Praga,Ostrava,Brno,Liberec,Karbowiak,Dawid,,,,,,,,,,,,,,,,,,,Liberec
200,Co w matematyce oznaczamy symbolem h?,wysokość,długość boku,przekątną,delte,Karbowiak,Dawid,,,,,,,,,,,,,,,,,,,delte
200,Która aplikacja jest programem do obróbki plików graficznych?,CorelDraw,Notepad ++,Microsoft Word,OpenOffice,Karbowiak,Dawid,,,,,,,,,,,,,,,,,,,OpenOffice
500,Stolicą Stanów Zjednoczonych Ameryki jest:,Waszyngton,Los Angeles,Chicago,Nowy York,Karbowiak,Dawid,,,,,,,,,,,,,,,,,,,Nowy York
500,Jednostka centralna komputera to?,procesor,karta graficzna,karta sieciowa,klawiatura,Karbowiak,Dawid,,,,,,,,,,,,,,,,,,,klawiatura
1000,Strony internetowe są wyświetlane w języku?,HTML,Python,C++,Java,Karbowiak,Dawid,,,,,,,,,,,,,,,,,,,Java
1000,Ile ścian ma granastosłup pięciokątny?,7,2,6,10,Karbowiak,Dawid,,,,,,,,,,,,,,,,,,,10
10000,W którym roku powstała sieć ARPANET - protoplasta dzisiejszego Internetu?,1969,1979,1940,2000,Karbowiak,Dawid,,,,,,,,,,,,,,,,,,,2000
50000,Wynalazcą pierwszego samochodu był:,Carl Benz,Alexander Winton,Milton Reeves,Pierre-Joseph Ravel,Karbowiak,Dawid,,,,,,,,,,,,,,,,,,,Pierre-Joseph Ravel
200,Plik tekstowy w komputerze ma rozszerzenie?,txt,zip,exe,rar,Perapich,Valery,,,,,,,,,,,,,,,,,,,rar
1000,Według definicji - baza danych to:,"model, w którym dane są przechowywane w uporządkowany sposób",program do zbierania informacji,tabela z danymi w pliku Worda,tabela z informacjami w porządku alfabetycznym,Perapich,Valery,,,,,,,,,,,,,,,,,,,tabela z informacjami w porządku alfabetycznym
1000,W jakim kraju znajduje się najwyższy wodospad w Europie?,w Norwegii,w Szwecji,w Finlandii,na Islandii,Konotopski,Oleksandr,,,,,,,,,,,,,,,,,,,na Islandii 
1000,Kim był Arystoteles?,filozofem,inżynierem,artystą,chemikiem,Konotopski,Oleksandr,,,,,,,,,,,,,,,,,,,chemikiem
1000,W którym mieście odbyły się Igrzyska Olimpijskie w 2000 r?,Sydney,Ateny,Vancouver,Madryt,Konotopski,Oleksandr,,,,,,,,,,,,,,,,,,,Madryt
5000,Jakie dwa zwierzęta tworzą herb Australii?,kangur i emu,wombat i wallaby,wąż i pająk,słoń i małpa,Konotopski,Oleksandr,,,,,,,,,,,,,,,,,,,słoń i małpa
100,Symbolem którego pierwiastka chemicznego jest 'Fe'?,żelaza,miedzi,cynku,wodoru,Konotopski,Oleksandr,,,,,,,,,,,,,,,,,,,wodoru
50000,Ile serc ma ośmiornica?,3,2,1,4,Konotopski,Oleksandr,,,,,,,,,,,,,,,,,,,4
1000,Która z planet Układu Słonecznego jest największa?,Jowisz,Saturn,Mars,Uran,Konotopski,Oleksandr,,,,,,,,,,,,,,,,,,,Uran
1000,"Kto był pierwszą osobą, która odbyła podróż w kosmos w 1961 roku?",Jurij Gagarin,Jurij Głaskow,Jurij Małyszew,Jurij Romanenko,Konotopski,Oleksandr,,,,,,,,,,,,,,,,,,,Jurij Romanenko
1000,Który z tych słynnych kompozytorów od połowy życia był całkowicie głuchy?,Ludwig van Beethoven,Wolfgang Amadeus Mozart,Johann Sebastian Bach,Georg Friedrich Händel,Konotopski,Oleksandr,,,,,,,,,,,,,,,,,,,Georg Friedrich Händel
10000,Flaga jakiego kraju jako jedyna na świecie nie jest czworokątem?,Nepalu,Albaniii,Uzbekistanu,Indii,Konotopski,Oleksandr,,,,,,,,,,,,,,,,,,,Indii
500,Kto był jednym z założycieli firmy Microsoft?,Bill Gates,Paweł Durow,Larry Page,Travis Kalanick,Konotopski,Oleksandr,,,,,,,,,,,,,,,,,,,Travis Kalanick
200,Ile jest stref czasowych na świecie?,24,32,7,14,Konotopski,Oleksandr,,,,,,,,,,,,,,,,,,,14
1000,Kto nadał nazwę Oceanowi Spokojnemu?,Ferdynand Magellan,Vasco da Gama,Krzysztof Kolumb,Amerigo Vespucci,Konotopski,Oleksandr,,,,,,,,,,,,,,,,,,,Amerigo Vespucci
1000,Jakie zwierzę widnieje na logo firmy Porsche?,koń,tygrys,byk,jeleń,Konotopski,Oleksandr,,,,,,,,,,,,,,,,,,,jeleń
1000,Jakie amerykańskie miasto jest siedzibą firmy Apple?,Cupertino,New York,San Francisco,Silicon Valley,Herman,Andrzej,,,,,,,,,,,,,,,,,,,Silicon Valley
5000,"Język używany do tworzenia, modyfikowania relacyjnych baz danych i pobierania danych to:",SQL,XML,JSON,PHP,Herman,Andrzej,,,,,,,,,,,,,,,,,,,PHP
50000,Językiem programowania nie jest:,List,Brainfuck,Clipper,Haskell,Herman,Andrzej,,,,,,,,,,,,,,,,,,,Haskell
100,"Która z marek, oprócz samochodów, produkuje też młynki do pieprzu i rowery?",Peugeot,Dacia,Mazda,Ford,Spikowska,Kinga,,,,,,,,,,,,,,,,,,,Ford
200,Ilu zawodników liczy drużyna water polo?,7,6,8,5,Spikowska,Kinga,,,,,,,,,,,,,,,,,,,5
500,Ile gwiazd znajduje się na fladze Unii Europejskiej,12,24,14,26,Spikowska,Kinga,,,,,,,,,,,,,,,,,,,26
1000,Najbardziej dochodowy film w historii kina to:,Avatar,Titanic,Avengers: Koniec Gry,Gwiezdne Wojny,Spikowska,Kinga,,,,,,,,,,,,,,,,,,,Gwiezdne Wojny
5000,Najstarsza marka samochodowa na świecie to:,Peugeot,Opel,Mercedes-Benz,Fiat,Spikowska,Kinga,,,,,,,,,,,,,,,,,,,Fiat
10000,Jaka jest dokładna odległość Księżyca od Ziemi?,384 400 km,385 100 km,214 005 km,402 254 km,Herman,Andrzej,,,,,,,,,,,,,,,,,,,402 254 km
50000,Jakie miasto było pierwowzorem Bullerbyn w słynnej książce Astrid Lindgren 'Dzieci z Bullerbyn'?,Sevedstorp,Kristiansand,Östersund,Enviken,Herman,Andrzej,,,,,,,,,,,,,,,,,,,Enviken
100,Jaki jest wynik działania: 2 + 2 * 2 ?,6,2,8,4,Herman,Andrzej,,,,,,,,,,,,,,,,,,,4
200,12 groszy' to tytuł utworu:,Kazika,Lady Pank,Maty,Perfectu,Herman,Andrzej,,,,,,,,,,,,,,,,,,,Perfectu
500,Która firma zakupiła w 2018 roku serwis GitHub?,Microsoft,Apple,Google,PayPal,Herman,Andrzej,,,,,,,,,,,,,,,,,,,PayPal
1000,"W którym roku zakończyła się produkcja Fiata 126p, słynnego malucha?",2000,1997,2002,1990,Spikowska,Kinga,,,,,,,,,,,,,,,,,,,1990
5000,Najdłużej panującym monarchą na świecie był lub była:,Ludwik XIV,Elżbieta II,Jerzy IV,Karol III,Spikowska,Kinga,,,,,,,,,,,,,,,,,,,Karol III
10000,Jakie papierosy palił Franz Maurer w filmie Władysława Pasikowskiego 'Psy'?,Camele,Marlboro,Klubowe,Extra Mocne,Herman,Andrzej,,,,,,,,,,,,,,,,,,,Extra Mocne
50000,Ile osób przeżyło katastrofę liniowca 'Titanic' 15 kwietnia 1912 r?,około 730,około 910,około 520,około 1200,Herman,Andrzej,,,,,,,,,,,,,,,,,,,około 1200
200,Ile lat do tej pory miała najstarsza partnerka Leonardo DiCaprio?,25,34,40,30,Gacka,Milena,,,,,,,,,,,,,,,,,,,30
500,Jak nazywał się statek Hana Solo?,Sokół Millenium,Gwiazda Śmierci,Perła,Supernova,Gacka,Milena,,,,,,,,,,,,,,,,,,,Supernova
1000,Która z wymienionych animacji nie jest dziełem Bartosza Walaszka?,Kuce z bronksu,Egzorcysta,Kpitan Bomba,Koń Rafał,Gacka,Milena,,,,,,,,,,,,,,,,,,,Koń Rafał
5000,Z którego roku jest film 'Ptaki' Alfreda Hitchcocka?,1963,1990,2002,2010,Gacka,Milena,,,,,,,,,,,,,,,,,,,2010
10000,"Jak mówiono na Irmę Grese, członkinię SS?",Piękna Bestia,Złota Bestia,Pani Śmierć,Prawa ręka diabła,Gacka,Milena,,,,,,,,,,,,,,,,,,,Prawa ręka diabła
50000,Jakie jest prawdziwe imię i nazwisko Marilyna Mansona?,Brian Hugh Warner,Brian Wood,Tom Bianco,Ozzy Monroe,Gacka,Milena,,,,,,,,,,,,,,,,,,,Ozzy Monroe
200,Jaka jest wartość liczby Pi?,"3,14","3,41","1,41","4,13",Grobela,Dawid,,,,,,,,,,,,,,,,,,,"4,13"
500,Ile razy mistrzem świata Formuły 1 był niemiecki kierowca Sebastian Vettel?,4,5,2,3,Jasiński,Łukasz,,,,,,,,,,,,,,,,,,,3
1000,W jakim zespole Formuły 1 nie jeździł Robert Kubica?,Scuderia Toro Roso,Wiliams,BMW Sauber,Renault,Jasiński,Łukasz,,,,,,,,,,,,,,,,,,,Renault
1000,W barwach jakiego zespołu Formuły 1 swoje pierwsze mistrzostwo świata zdobył Lewis Hamilton?,McLaren,Ferrari,Renault,Wiliams,Jasiński,Łukasz,,,,,,,,,,,,,,,,,,,Wiliams
500,W którym roku rozpoczęła się 'era hybrydowa' Formuły 1,2014,2011,2017,2020,Jasiński,Łukasz,,,,,,,,,,,,,,,,,,,2020
500,W któym roku Widzew Łódź po raz ostatni spadł z Ekstraklasy? (stan na 2022 rok),2014,2012,2011,2010,Jasiński,Łukasz,,,,,,,,,,,,,,,,,,,2010
200,W jakim klubie nie grał Arkadiusz Milik?,AC Milan,Ajax Amsterdam,Juventus Turyn,Bayer Leverkusen,Jasiński,Łukasz,,,,,,,,,,,,,,,,,,,Bayer Leverkusen
200,Kto zagrał główną rolę w polskim serialu 'Belfer',Maciej Stuhr,Maciej Zakościelny,Borys Szyc,Kuba Wesołowski,Jasiński,Łukasz,,,,,,,,,,,,,,,,,,,Kuba Wesołowski
500,W którym roku premierę miał polski film 'Vinci' z Robert Więckiewiczem w roli głównej?,2004,2002,2005,2009,Jasiński,Łukasz,,,,,,,,,,,,,,,,,,,2009
500,Który z wymienionych aktorów nie był gwiazdą Wrestlingu?,Jason Statham,John Cena,Hulk Hogan,Dwayne The Rock Johnson,Jasiński,Łukasz,,,,,,,,,,,,,,,,,,,Dwayne The Rock Johnson
1000,Ile razy Jan Błachowicz obronił pas mistrzowski UFC w wadze półciężkiej,1,4,3,5,Jasiński,Łukasz,,,,,,,,,,,,,,,,,,,5
100,Która z wymienionych nazw nie jest marką kawy?,Danone,Jacobs,Lavazza,Tchibo,Jasiński,Łukasz,,,,,,,,,,,,,,,,,,,Tchibo
100,Jaki ustrój polityczny obowiązuje w Stanach Zjednoczonych?,republika federalna,republika unitarna,królewska monarchia federalna,monarchia absolutna,Jachimkowski,Maciej,,,,,,,,,,,,,,,,,,,monarchia absolutna
200,Który język jest językiem urzędowym w Austrii?,niemiecki,angielski,austracki,hiszpański,Jachimkowski,Maciej,,,,,,,,,,,,,,,,,,,hiszpański
500,Ile kilometrów kwadratowych powierzchni lądowej zajmują Niemcy?,ok. 357 tyś.,ok. 524 tyś.,ok.197 tyś.,ok. 457 tyś.,Jachimkowski,Maciej,,,,,,,,,,,,,,,,,,,ok. 457 tyś.
1000,Jak się nazywało miasto 'Łódź' podczas okupacji niemieckiej w czasie II Wojny Światowej?,Litzmannstadt,Ostenburg,Gotenhafen,Lodraufen,Jachimkowski,Maciej,,,,,,,,,,,,,,,,,,,Lodraufen
5000,Z którym z tych państw nie graniczy Rosja?,Uzbekistan,Chiny,Kazachstan,Korea Północna,Jachimkowski,Maciej,,,,,,,,,,,,,,,,,,,Korea Północna
10000,Który z tych regionów znajdował się pod zaborem austriackim po kongresie wiedeńskim?,Galicja,Wielkopolska,Wileńszczyzna,Mazowsze,Jachimkowski,Maciej,,,,,,,,,,,,,,,,,,,Mazowsze
50000,"Po której stronie konflitku było tzw. ""Niezależne Państwo Chorwackie"" w czasie II Wojny Światowej?",po stronie państw Osi,po stronie Aliantów,"po niczyjej, było to państwo neutralne",takie państwo nigdy nie istniało,Jachimkowski,Maciej,,,,,,,,,,,,,,,,,,,takie państwo nigdy nie istniało
100,W którym roku wypada najbliższy rok przestępny?,w 2024,w 2023,w 2025,w 2026,Herman,Andrzej,,,,,,,,,,,,,,,,,,,w 2026
200,Polską tablicę rejestracyjną o numerach TK185633 zobaczymy na samochodzie zarejestrowanym w:,Kielcach,Tarnowie,Toruniu,Katowicach,Herman,Andrzej,,,,,,,,,,,,,,,,,,,Katowicach
500,Dziesiąta w kolejności liczba pierwsza to:,29,19,23,27,Herman,Andrzej,,,,,,,,,,,,,,,,,,,27
1000,Ile litrów zawiera jeden galon?,"3,76 l","4,12 l","2,74 l","1,76 l",Herman,Andrzej,,,,,,,,,,,,,,,,,,,"1,76 l"
5000,Jak ma na imię córka gen. Wojciecha Jaruzelskiego?,Monika,Matylda,Maria,Marzena,Herman,Andrzej,,,,,,,,,,,,,,,,,,,Marzena
10000,Z jakich substancji chemicznych składa się roztwór pirania?,kwas siarkowy i nadtlenek wodoru,kwas azotowy i nadtlenek wodoru,kwas siarkowy i nadtlenek baru,kwas siarkowy i wodorotlenek sodu,Kamiński,Wojciech,,,,,,,,,,,,,,,,,,,kwas siarkowy i wodorotlenek sodu
50000,W jakim pańswie leży wyspa o nazwie Taumatawhakatangihangakoauauotamateapokaiwhenuakitanatahu?,w Nowej Zelandii,w Irlandii,w Chinach,w Australii,Kamiński,Wojciech,,,,,,,,,,,,,,,,,,,w Australii
100,Kto napisał poemat epicki 'Pan Tadeusz'?,Adam Mickiewicz,Henryk Sienkiewicz,Jan Brzechwa,Czesław Miłosz,Kamiński,Wojciech,,,,,,,,,,,,,,,,,,,Czesław Miłosz
200,Który kraj jest ojczyzną k-popu?,Korea Południowa,Korea Północna,Kongo,Kanada,Kamiński,Wojciech,,,,,,,,,,,,,,,,,,,Kanada
500,Który stopień wojskowy w piechocie jest wyższy od porucznika?,pułkownik,sierżant,kapral,chorąży,Kamiński,Wojciech,,,,,,,,,,,,,,,,,,,chorąży
1000,Ile razy na minutę mrugamy?,około 20,mniej niż 5,około 35,ponad 40,Kamiński,Wojciech,,,,,,,,,,,,,,,,,,,ponad 40
5000,Kiedy rozpoczeło się drugie tysiąclecie,1 stycznia 1001 r.,1 stycznia 1000 r.,1 stycznia 2000 r.,1 stycznia 2001 r.,Kamiński,Wojciech,,,,,,,,,,,,,,,,,,,1 stycznia 2001 r.
10000,"Ile to jest 1111 razy 1111, jeśli 1 razy 1 to 1, a 11 razy 11 to 121?",1 234 321,111 111 111,123 434 321,12321,Kamiński,Wojciech,,,,,,,,,,,,,,,,,,,12321
50000,Który instrument stroi muzyk?,kocioł,tamburyn,okarynę,czynele,Kamiński,Wojciech,,,,,,,,,,,,,,,,,,,czynele
100,Czelność i bezczelność to?,synonimy,homonimy,antonimy,wyrazy o przeciwstawnym znaczeniu,Kamiński,Wojciech,,,,,,,,,,,,,,,,,,,wyrazy o przeciwstawnym znaczeniu
200,Które dzieło literackie opowiada o wojnie trojańskiej?,Iliada,Gilgamesz,Władca Pierścieni,Pieśń o Rolandzie,Herman,Andrzej,,,,,,,,,,,,,,,,,,,Pieśń o Rolandzie
500,"Wyraz powstały z przestawienia liter lub sylab innego wyrazu, to:",anagram,hologram,kryptogram,szyfrogram,Herman,Andrzej,,,,,,,,,,,,,,,,,,,szyfrogram
1000,Kto niósł osła w wierszu Jana Brzechwy pt: 'Na wyspach Bergamutach'?,mrówka,gąsienica,biedronka,stonoga,Herman,Andrzej,,,,,,,,,,,,,,,,,,,stonoga
5000,Komu przypisuje się słynny okrzyk 'Eureka!!!' ?,Archimedesowi,Pitagorasowi,Sokratesowi,Heraklitowi,Herman,Andrzej,,,,,,,,,,,,,,,,,,,Heraklitowi
10000,Jakie ptaki przesiadywały na ramionach pogańskiego boga Odyna?,kruki,sowy,orły,sokoły,Herman,Andrzej,,,,,,,,,,,,,,,,,,,sokoły
50000,Paryski Hotel Drouot to miejsce słynnych:,licytacji dzieł sztuki,koncertów fortepianowych,wystaw kwiatów,pokazów fajerwerków,Herman,Andrzej,,,,,,,,,,,,,,,,,,,pokazów fajerwerków
100,Korniszony to?,ogórki,buraki,pomidory,rzodkiewki,Herman,Andrzej,,,,,,,,,,,,,,,,,,,rzodkiewki
200,O jakich figurach mówi twierdzenie Pitagorasa?,trójącie i kwadratach,kole i kuli,sześciokącie i kwadracie,stozku i rombie,Herman,Andrzej,,,,,,,,,,,,,,,,,,,stozku i rombie
500,"Architet Rubik - wynalazca popularnej kostki, jest:",Węgrem,Włochem,Słowakiem,Rumunem,Herman,Andrzej,,,,,,,,,,,,,,,,,,,Rumunem
1000,Rasa psa od wieków używana w ratownictwie górskim to:,bernardyn,buldog angielski,seter,bulterier,Herman,Andrzej,,,,,,,,,,,,,,,,,,,bulterier
5000,Które z podanych pojęć nie ma nic wspólnego z wolnością gospodarczą?,socjalizm,monetaryzm,liberalizm,kapitalizm,Herman,Andrzej,,,,,,,,,,,,,,,,,,,kapitalizm
10000,Na jakiej rzece postawiono zaporę Hoovera?,Kolorado,Missisipi,Ohio,Mackenzie,Herman,Andrzej,,,,,,,,,,,,,,,,,,,Mackenzie
50000,Jak brzmi dawna nazwa Kinszasy - stolicy Demokratycznej Republiki Konga?,Leopoldville,Brazzaville,Stanleyville,Port Elizabeth,Herman,Andrzej,,,,,,,,,,,,,,,,,,,Port Elizabeth
100,Stolica Chin to?,Pekin,Tokio,Ottawa,Seul,Ambroziak,Adrianna,,,,,,,,,,,,,,,,,,,Seul
200,Ile par żeber ma człowiek?,12,10,24,8,Ambroziak,Adrianna,,,,,,,,,,,,,,,,,,,8
500,Który koszykarz miał przydomek 'Black Mamba'?,Kobe Bryant,LeBron James,Derrick Rose,Marcin Gortat,Ambroziak,Adrianna,,,,,,,,,,,,,,,,,,,Marcin Gortat
1000,Odpowiednikiem przysłowia 'A bad workman always blames his tools' jest:,Złej baletnicy przeszkadza rąbek u spódnicy,Czyny mówią głośniej niz słowa,Lepszy wróbel w garści niż gołąb na dachu,Tonący brzytwy się chwyta,Ambroziak,Adrianna,,,,,,,,,,,,,,,,,,,Tonący brzytwy się chwyta
5000,Jak sie nazywa największy smok Daenerys w filmie 'Gra o tron'?,Drogon,Viserion,Aragon,Rhaegala,Ambroziak,Adrianna,,,,,,,,,,,,,,,,,,,Rhaegala
10000,Kto wygłosił historyczne przemówienie 'I have a dream'?,Martin Luther King,John F. Kennedy,Aleksander Hamilton,Thomas Jefferson,Ambroziak,Adrianna,,,,,,,,,,,,,,,,,,,Thomas Jefferson
50000,W którym roku miał miejsce zamach terrorystyczny podczas maratonu w Bostonie w USA?,2013,1999,2015,2018,Ambroziak,Adrianna,,,,,,,,,,,,,,,,,,,2018
100,Którym z pojazdów nie da się jeździć po ulicy?,bobslejem,bryczką,motorowerem,hulajnogą,Herman,Andrzej,,,,,,,,,,,,,,,,,,,hulajnogą
200,"Kolloseum - miejsce starożytnych walk gladiatorów, znajduje się:",w Rzymie,w Neaplou,w Mediolanie,W Wenecji,Herman,Andrzej,,,,,,,,,,,,,,,,,,,W Wenecji
500,Zupa z młodych liści buraków ćwikłowych to:,botwina,zalewajka,żurek,czernina,Herman,Andrzej,,,,,,,,,,,,,,,,,,,czernina
1000,"Jak nazywa się w historii sztuki okres, w którym tworzył Michał Anioł?",renesans,barok,romantyzm,klasycyzm,Herman,Andrzej,,,,,,,,,,,,,,,,,,,klasycyzm
5000,Największy współcześnie żyjący gryzoń to:,kapibara,bóbr,nutria,szczur,Herman,Andrzej,,,,,,,,,,,,,,,,,,,szczur
10000,W którym z wymionionych krajów dolar australijski nie jest jednostką monetarną?,w Nowej Zelandii,W Kiribati,w Australii,w Nauru,Herman,Andrzej,,,,,,,,,,,,,,,,,,,w Nauru
50000,Kamieniem piekielnym nazywany jest:,azotan srebra,ałunit,winian potasu,amazonit,Herman,Andrzej,,,,,,,,,,,,,,,,,,,amazonit
100,Angielskie słowo 'window' oznacza?,okno,wiatr,zwycięstwo,drzwi,Herman,Andrzej,,,,,,,,,,,,,,,,,,,drzwi
200,Herbata wywodzi się z:,Indii,Arabii Saudyjskiej,Francji,Włoch,Herman,Andrzej,,,,,,,,,,,,,,,,,,,Włoch
500,Ile bajtów liczy kilobajt?,1024 B,102 B,999 B,2048 B,Herman,Andrzej,,,,,,,,,,,,,,,,,,,2048 B
1000,Liposukcja to zabieg:,odsysania tkanki tłuszczowej,powiększania piersi,usuwania owłosienia,powiększania ust,Herman,Andrzej,,,,,,,,,,,,,,,,,,,powiększania ust
5000,Jakim językiem programowania jest C#?,obiektowym,funkcyjnym,ezoterycznym,niskiego poziomu,Herman,Andrzej,,,,,,,,,,,,,,,,,,,niskiego poziomu
10000,Jedyny gatunek słodkowodnej ryby z rodziny dorszowatych to:,miętus,certa,sum,szczupak,Herman,Andrzej,,,,,,,,,,,,,,,,,,,szczupak
50000,Który z poetów nie należał do grupy 'Skamandra'?,Tadeusz Gajcy,Julian Tuwim,Jan Lechoń,Antoni Słonimski,Herman,Andrzej,,,,,,,,,,,,,,,,,,,Antoni Słonimski
100,Kto odtwarzał główną rolę Janka Kosa w serialu 'Czterej pancerni i pies'?,Janusz Gajos,Daniel Olbrychski,Franciszek Pieczka,Bogusław Linda,Herman,Andrzej,,,,,,,,,,,,,,,,,,,Bogusław Linda
200,O jakim modelu samolotu powiemy potocznie 'JumboJet'?,Boeing 747,F-16,Airbus A380,Wilga,Herman,Andrzej,,,,,,,,,,,,,,,,,,,Wilga
500,Dzięki czemu Galowie z komisku 'Asterix i Obelix' byli niepokonani?,magicznemu eliksirowi,zaklęciu,częstej gimnastyce,zdrowemu odżywianiu,Herman,Andrzej,,,,,,,,,,,,,,,,,,,zdrowemu odżywianiu
1000,Jaka liczba odpowiada rzymskiemu zapisowi 'LX'?,60,70,80,90,Herman,Andrzej,,,,,,,,,,,,,,,,,,,90
5000,Pomieszczenie w teatrze w którym przebywają widzowie podczas przerw to:,foyer,kulisy,atelier,galeria,Herman,Andrzej,,,,,,,,,,,,,,,,,,,galeria
10000,Jak nazywa się majątek ziemski ofiarowany Henrykowi Sienkiewiczowi?,Oblęgorek,Jabłonna,Klemensów,Siemiatycze,Herman,Andrzej,,,,,,,,,,,,,,,,,,,Siemiatycze
50000,Kwas nikotynowy to inna nazwa?,witaminy PP,witaminy C,witaminy A,witaminy K,Herman,Andrzej,,,,,,,,,,,,,,,,,,,witaminy K
100,Ile sekund liczy doba?,86 400,3 600,43 200,12 000,Herman,Andrzej,,,,,,,,,,,,,,,,,,,12 000
200,"75% liczby 300, to:",225,250,150,175,Herman,Andrzej,,,,,,,,,,,,,,,,,,,175
500,Jaka jest podstawowa jednostka odległości w układzie SI?,metr,stopa,kilometr,milimetr,Herman,Andrzej,,,,,,,,,,,,,,,,,,,milimetr
1000,Sól kuchenna to inaczej?,chlorek sodu,wodorotlenek sodu,tlenek wapnia,jodek potasu,Herman,Andrzej,,,,,,,,,,,,,,,,,,,jodek potasu
5000,Komu przyznawane są 'Gwiazdki Michelin' - prestiżowa nagroda znanego producenta opon?,restauracjom,producentom samochodów,kierowcom,biurom podróży,Herman,Andrzej,,,,,,,,,,,,,,,,,,,biurom podróży
10000,Kto zbobył trzy bramki w wygranym meczu reprezentacji Polski z Belgią na MŚ w Hiszpanii w 1982 r?,Zbigniew Boniek,Grzegorz Lato,Włodzimierz Smolarek,Włodzimierz Lubański,Herman,Andrzej,,,,,,,,,,,,,,,,,,,Włodzimierz Lubański
50000,Która z wymienionych osób nigdy nie pełniła funkcji dyrektora firmy 'Apple'?,Larry Page,Steve Jobs,John Sculley,Tim Cook,Herman,Andrzej,,,,,,,,,,,,,,,,,,,Tim Cook
100,Bardzo duży rozmiar ubrania to:,XXL,S,M,L,Herman,Andrzej,,,,,,,,,,,,,,,,,,,L
200,Plkiem graficznym nie jest?,plik.js,plik.png,plik.jpg,plik.bmp,Herman,Andrzej,,,,,,,,,,,,,,,,,,,plik.bmp
500,Który z wymienionych wyrazów zawiera błąd ortograficzny?,rzerzucha,poroże,zasuwka,ówczesny,Herman,Andrzej,,,,,,,,,,,,,,,,,,,ówczesny
1000,Przeciwko jakiemu zespołowi Robert Lewandowski zdobył 5 goli w 9 minut?,Werder Brema,Bayer Leverkusen,Borrussia Dortmund,AS Monaco,Herman,Andrzej,,,,,,,,,,,,,,,,,,,AS Monaco
5000,"Jaki jest następny wyraz podanego ciągu Fibbonacciego: [ 0, 1, 1, 2, 3, 5, 8, 13, 21, 34, 55, 89, 144 ] ?",233,199,244,189,Herman,Andrzej,,,,,,,,,,,,,,,,,,,189
10000,W co zamieni każdy oddech bohater utworu 'Lady Pank' pt.: 'Zawsze tam gdzie Ty'?,w niespokojny wiatr,w ciepły krzyk,w czułe słowo,w delikatny dotyk,Herman,Andrzej,,,,,,,,,,,,,,,,,,,w delikatny dotyk
50000,Pierwszą w historii bitwę okrętów pancernych stoczono:,pod Hampton Roads,pod Issą,u przylądka Matapan,u ujścia La Platy,Herman,Andrzej,,,,,,,,,,,,,,,,,,,u ujścia La Platy
100,W krórym państwie wynaleziono klocki LEGO?,w Dani,na Węgrzech,w Niemczech,w Stanach Zjednoczonych,Freus,Mateusz,,,,,,,,,,,,,,,,,,,w Stanach Zjednoczonych
200,Jaka jest najdłuższa droga wodna w Niemczech?,Kanał Sródlądowy,Odra,Łaba,Neckar,Freus,Mateusz,,,,,,,,,,,,,,,,,,,Neckar
500,Jaka rzeka przepływa przez Londyn?,Tamiza,Missisipi,Severn,Great Ouse,Freus,Mateusz,,,,,,,,,,,,,,,,,,,Great Ouse
1000,Jak nazywa się gra wymyślona w 1891 roku przez Jamesa A. Naismitha?,koszykówka,baseball,football amerykański,siatkówka,Freus,Mateusz,,,,,,,,,,,,,,,,,,,siatkówka
5000,Ile czasu trwa ciąża u chomików syryjskich?,16 dni,8 dni,43 dni,2 miesiące,Freus,Mateusz,,,,,,,,,,,,,,,,,,,2 miesiące
10000,Najgłębasza i najdłuższa jaskinia w Polsce to:,Jaskinia Wielka Śnieżna,Jaskinia Kozia,Jaskinia Czarna,Groty Kryształowe,Freus,Mateusz,,,,,,,,,,,,,,,,,,,Groty Kryształowe
50000,W którym roku premierę miała czwarta część serii 'Gwiezdne wojny- Nowa nadzieja'?,w 1977,w 1980,w 1981,w 1976,Freus,Mateusz,,,,,,,,,,,,,,,,,,,w 1976
100,Krokodyle łzy oznaczają płacz:,nieszczery,rzewny,histeryczny,dyskretny,Jatczak,Małgorzata,,,,,,,,,,,,,,,,,,,dyskretny
200,Która część ciała czlowieka może się powiekszyć nawet siedmiokrotnie?,źrenica,serce,prącie,płuca,Jatczak,Małgorzata,,,,,,,,,,,,,,,,,,,płuca
500,Instrumentalista jazzowy i kompozytor Adam Makowicz gra na:,pianinie,saksofonie,klarnecie,trąbce,Jatczak,Małgorzata,,,,,,,,,,,,,,,,,,,trąbce
1000,W którym roku wprowadzono w Polsce banknot o nominale 500 zł?,w 2017,w 2018,w 2016,w 2019,Jatczak,Małgorzata,,,,,,,,,,,,,,,,,,,w 2019
5000,Paweł Wojciechowski został mistrzem Europy w 2019 roku. W jakiej dyscyplinie sportowej?,skok o tyczce,żeglarstwo,pchnięcie kulą,judo,Jatczak,Małgorzata,,,,,,,,,,,,,,,,,,,judo
10000,Synonimem odrzuconych oświadczyn jest otrzymanie:,arbuza,kabaczka,patisona,ogórka,Jatczak,Małgorzata,,,,,,,,,,,,,,,,,,,ogórka
50000,"Stenotypistę podczas zebrania opozycjonistów, w serialu ""1983"" zagrał:",Marcin Bytniewski,Piotr Polak,Eryk Lubos,Robert Więckiewicz,Jatczak,Małgorzata,,,,,,,,,,,,,,,,,,,Robert Więckiewicz
100,Tytułowa pomidorowa z internetowej parodji piosenki Sarsy 'Naucz mnie' jest:,z wczorajszego rosołu,ze świeżego przecieru,z torebki,z baru w bramie,Leonarczyk,Ewelina,,,,,,,,,,,,,,,,,,,z baru w bramie
200,W którym roku miał miejce pożar słynnej paryskiej katedry Notre-Dame?,w 2019,w 2017,w 2016,w 2018,Leonarczyk,Ewelina,,,,,,,,,,,,,,,,,,,w 2018
500,Co kaftan bezpieczeństwa ma znacznie dłuższe niż zwykły kaftan?,rękawy,przód,tył,kołnierz,Leonarczyk,Ewelina,,,,,,,,,,,,,,,,,,,kołnierz
1000,"Akcja 'Chłopów' Rejmonta zaczyna się jesieńą, a kiedy się kończy?",latem,wiosną,jesienią,zimą,Leonarczyk,Ewelina,,,,,,,,,,,,,,,,,,,zimą
5000,Ile mózgów posiada ośmiornica?,9,7,8,13,Leonarczyk,Ewelina,,,,,,,,,,,,,,,,,,,13
10000,"Jak brzmi orginalny tytuł powieści pt. 'Dżuma', napisanej przez francuza Alberta Camusa?",La Peste,Les Misérables,Le Fléau,La Plaie,Leonarczyk,Ewelina,,,,,,,,,,,,,,,,,,,La Plaie
50000,"Ryś polski, łabędź roztowski, saksoński bocian i wywrotek smoleński to:",rasy gołębi,rasy kur,chrząszcze,gatunki bocianów,Leonarczyk,Ewelina,,,,,,,,,,,,,,,,,,,gatunki bocianów
100,W którym roku odbył się pierwszy rozbiór Polski?,1772,1775,1771,1776,Kwiatkowski,Patryk,,,,,,,,,,,,,,,,,,,1776
200,Kto jest współzałożycielem firmy SpaceX?,Elon Musk,Maryla Rodowicz,Kuba Wojewódzki,Stephen Hawking,Kwiatkowski,Patryk,,,,,,,,,,,,,,,,,,,Stephen Hawking
500,Liczba 54 w zapisie binarnym to:,110110,1101110,100110,101010,Kwiatkowski,Patryk,,,,,,,,,,,,,,,,,,,101010
1000,W którym roku zakończyła się wojna w Wietnamie?,1975,1974,1965,1966,Kwiatkowski,Patryk,,,,,,,,,,,,,,,,,,,1966
5000,W którym roku powstał pierwszy mikroprocesor?,1969,1672,1971,1980,Kwiatkowski,Patryk,,,,,,,,,,,,,,,,,,,1980
10000,Kto w 1963 roku otrzymał nagrodę Nobla w dziedzinie fizyki?,Eugene Paul Wigner,Dennis Gabor,Eric Allin Cornell,Leon Max Lederman,Kwiatkowski,Patryk,,,,,,,,,,,,,,,,,,,Leon Max Lederman
50000,O ile lat świetlnych jest oddalona od Ziemii Galaktyka Andromedy?,2.5 mln,3 mln,2 mln,1 mln,Kwiatkowski,Patryk,,,,,,,,,,,,,,,,,,,1 mln
100,Jakiego koloru jest trawa?,zielonego,czerwonego,czarnego,niebieskiego,Kwiatkowski,Patryk,,,,,,,,,,,,,,,,,,,niebieskiego
200,Kto sformułował szczególną teorię względności?,Albert Einstein,Carl Friedrich Gauss,Bernhard Riemann,Elwin Bruno Christoffel,Kwiatkowski,Patryk,,,,,,,,,,,,,,,,,,,Elwin Bruno Christoffel
500,Ile zębów ma klacz?,36,32,40,42,Kutsik,Veranika,,,,,,,,,,,,,,,,,,,42
1000,Nadmiar wapnia w organiźmie to:,hiperkalcemia,hiperkaliemia,hipernatremia,hiperurykemia,Kutsik,Veranika,,,,,,,,,,,,,,,,,,,hiperurykemia
5000,"Prolaktyna, hormon biorący udział w procesie wydzielania mleka, wytwarzany jest przez:",przysadkę mózgową,jajnik,gruczoł mlekowy,nadnercza,Kutsik,Veranika,,,,,,,,,,,,,,,,,,,nadnercza
10000,Rasą kur objętą programem ochrony zasobów genetycznych zwierząt jest,zielononóżka kuropatwiana,liliput,brojler,białoczuby,Kutsik,Veranika,,,,,,,,,,,,,,,,,,,białoczuby
50000,Naczynia krwionośne zaopatrujące mięsień sercowy w krew to naczynia:,wieńcowe,koronowe,szczytowe,okalające,Kutsik,Veranika,,,,,,,,,,,,,,,,,,,okalające
100,Pierzga to produkt pochodzący od:,pszczoły,owcy,trzmiela,kozy,Kutsik,Veranika,,,,,,,,,,,,,,,,,,,kozy
200,Która rasa kota cechuje się obfitym długim włosem?,kot syberyjski,kot europejski,kot syjamski,sfinks,Kutsik,Veranika,,,,,,,,,,,,,,,,,,,sfinks
500,Piesakiem nazywamy lisa:,polarnego,rudego,srebrnego,płomienistego,Kutsik,Veranika,,,,,,,,,,,,,,,,,,,płomienistego
1000,Feromony są produkowane przez :,gruczoły na policzkach i brodzie,jajniki,przysadkę mózgową,ślinianki,Kutsik,Veranika,,,,,,,,,,,,,,,,,,,ślinianki 
5000,Polska rasa owiec to:,cakiel,owca fryzyjska,corriedale,owca św. Jakuba,Kutsik,Veranika,,,,,,,,,,,,,,,,,,,owca św. Jakuba
10000,Dekornizacja to:,usunięcie zawiązków rogów u cieląt,oddzielenie rogu kopytowego,oddzielenie rogu racicznego,zestruganie rogu z kopyta,Kutsik,Veranika,,,,,,,,,,,,,,,,,,,zestruganie rogu z kopyta 
50000,"Błędnik błoniasty, odpowiadający za utrzymanie równowagi, znajduje się w:",uchu wewnętrznym,śródmózgowiu,workach powietrznych,rdzeniu przedłużonym,Kutsik,Veranika,,,,,,,,,,,,,,,,,,,rdzeniu przedłużonym
100,Propolis to produkt pozyskiwany od:,pszczół,owiec,norek,kóz,Kutsik,Veranika,,,,,,,,,,,,,,,,,,,kóz
200,Pozyskiwanie wełny od owiec odbywa się poprzez:,strzyżenie,wyczesywanie,szczotkowanie,pranie,Kutsik,Veranika,,,,,,,,,,,,,,,,,,,pranie
200,Ile komór ma ludzkie serce?,4,2,3,1,Chernetskyi,Denys,,,,,,,,,,,,,,,,,,,1
200,Które z tych miast leży na dwóch kontynantach?,Stambuł,Pekin,Kuala Lumpur,Kongo,Chernetskyi,Denys,,,,,,,,,,,,,,,,,,,Kongo
200,Co robi się z krążkiem przed rozpoczęciem meczu w hokeja na lodzie?,zamraża się,pociera się olejem,suszy się,waży się,Chernetskyi,Denys,,,,,,,,,,,,,,,,,,,waży się
200,Czym specjalnym wyróżnia się flaga Paragwaju?,ma dwie różne strony,jest chwilowo niedostępna,jest pięciokątna,jest trójkątna,Chernetskyi,Denys,,,,,,,,,,,,,,,,,,,jest trójkątna
500,Na co pozwalało między innymi amerykańskie prawo z 1913 roku?,na wysyłanie dzieci pocztą,na uczestnictwo w wyborach kobiet,na nie płacenie podatków,na nic nie pozwalało,Chernetskyi,Denys,,,,,,,,,,,,,,,,,,,na nic nie pozwalało
1000,Która konsola do gier sprzedała się w największej liczbe egzemplarzy?,Playstation 2,Xbox 360,Nintendo Switch,Atari 2600,Okrasiński,Michał,,,,,,,,,,,,,,,,,,,Atari 2600
5000,W którym roku uchwalono Konstytucję 3 Maja?,1791,1991,1591,2001,Okrasiński,Michał,,,,,,,,,,,,,,,,,,,2001
10000,Jaka jest największa suma pieniędzy którą zapłacono za pojedyńczą kartę pokemon?,6 milionów dolarów,6 tysięcy dolarów,600 tysięcy dolarów,60 dolarów,Okrasiński,Michał,,,,,,,,,,,,,,,,,,,60 dolarów
50000,W którym roku Polska wygrała e-sportowe mistrzostwa świata w grze Counter Strike Global Offensive?,2014,2020,2007,1994,Okrasiński,Michał,,,,,,,,,,,,,,,,,,,1994
100,Jaki system operacyjny jest najbardziej rozpowszechniony na świecie?,Windows,Mac OS,Linux,Chrome OS,Okrasiński,Michał,,,,,,,,,,,,,,,,,,,Chrome OS
200,Która firma posiada najwięcej restauracji typu fast food na świecie?,Subway,McDonald's,Starbucks,Wendy's,Okrasiński,Michał,,,,,,,,,,,,,,,,,,,Wendy's
500,"Ilu było prezydentów III Rzeczpospolitej, licząc tylko tych którzy pełnili pełną kadencję?",6,8,2,13,Okrasiński,Michał,,,,,,,,,,,,,,,,,,,13
100,Najdłuższą ulicą w Polsce jest?,Wał Miedzeszyński w Warszawie,ulica Piotrkowska w Łodzi,Aleja Włókniarzy w Łodzi,Aleje Jerozolimskie w Warszawie,Pąśko,Krzysztof,,,,,,,,,,,,,,,,,,,Aleje Jerozolimskie w Warszawie
200,Ile osób oficjalnie mieszka w Polsce według badań z marca 2021?,38 179 800,37 143 530,35 450 700,39 932 240,Pąśko,Krzysztof,,,,,,,,,,,,,,,,,,,39 932 240
500,Najpopularnieszą aplikacją w 2021 na świecie był?,TikTok,Facebook,Instagram,Snapchat,Pąśko,Krzysztof,,,,,,,,,,,,,,,,,,,Snapchat
10000,Katedra Wniebowzięcia Najświętszej Maryi Panny w Łowiczu nazywana jest inaczej?,Wawelem Mazowsza,Bazyliką Wielkopolski,Wawelem Łowickim,Katedrą Biskupią,Pąśko,Krzysztof,,,,,,,,,,,,,,,,,,,Katedrą Biskupią
50000,"""Hołd Szujski"" który został złożony w 1611 roku królowi Polskiemu, nazywamy inaczej?",hołdem ruskim,hołdem pruskim,hołdem niemieckim,hołdem królowi,Pąśko,Krzysztof,,,,,,,,,,,,,,,,,,,hołdem królowi
100,Jak nazywa się galaktyka w której żyjemy?,Droga Mleczna,Obiekt Hoaga,NGC 3370,2MASXJ00482185-2507365,Górny,Gracjan,,,,,,,,,,,,,,,,,,,2MASXJ00482185-2507365
200,Którą w kolejności planetą od Słońca jest Ziemia?,trzecią,piątą,czwartą,drugą,Górny,Gracjan,,,,,,,,,,,,,,,,,,,drugą
500,Ile planet znajduje się w naszym układzie słonecznym?,8,6,9,7,Górny,Gracjan,,,,,,,,,,,,,,,,,,,7
1000,Co się dzieje ze wszechświatem?,rozszerza się,stoi w miejscu,kurczy się,traci na materii,Górny,Gracjan,,,,,,,,,,,,,,,,,,,traci na materii
10000,Kiedy amerykański lądownik Apollo 11 jako pierwszy wyjądował na księżycu?,20 lipca 1969 r.,15 września 1978 r.,26 marca 1970 r.,1 kwietnia 1965 r.,Górny,Gracjan,,,,,,,,,,,,,,,,,,,1 kwietnia 1965 r.
50000,Rakietę z kosmicznym teleskopem Jamesa Webba wystrzelono na orbitę w dniu:,25 grudnia 2021 r.,24 grudnia 2021 r.,24 listopada 2020 r.,24 grudnia 2020 r.,Górny,Gracjan,,,,,,,,,,,,,,,,,,,24 grudnia 2020 r.
100,Największy ssak na ziemi to?,płetwal błękitny,człowiek,słoń afrykański,nosorożec biały,Alejziak,Nikolas,,,,,,,,,,,,,,,,,,,nosorożec biały
200,Naturalny satelita ziemi to?,Księżyc,Mars,teleskop James'a Webba,Słońce,Alejziak,Nikolas,,,,,,,,,,,,,,,,,,,Słońce
500,W którym roku odbył się Hołd Pruski?,1525,1500,966,1625,Alejziak,Nikolas,,,,,,,,,,,,,,,,,,,1625
1000,Kto był pierwszym prezydentem Polski?,Gabriel Narutowicz,Andrzej Duda,Lech Wałęsa,Bronisław Komorowski,Alejziak,Nikolas,,,,,,,,,,,,,,,,,,,Bronisław Komorowski
5000,W którym roku Apple wyprodukowało pierwszego 'IPhone'a?,2007,2000,1995,2012,Alejziak,Nikolas,,,,,,,,,,,,,,,,,,,2012
10000,Jaki władca był pierwszym królem Hiszpanii?,Fernando V,Fellipe I,Carlos I,Fernando VII,Alejziak,Nikolas,,,,,,,,,,,,,,,,,,,Fernando VII
50000,Jaka jest najdłuższa rzeka w Japonii?,Shinano,Sumida,Ishikari,Abukuma,Alejziak,Nikolas,,,,,,,,,,,,,,,,,,,Abukuma
100,W którym roku odbył się Chrzest Polski?,966,1000,1025,996,Grobela,Dawid,,,,,,,,,,,,,,,,,,,996
1000,Które państwo w Europie - wykluczając Rosję - ma największą powierzchnię?,Ukraina,Hiszpania,Francja,Norwegia,Dyńda,Patryk,,,,,,,,,,,,,,,,,,,Norwegia
5000,Kto jest autorem języka programowania Python?,Guido van Rossum,Linus Benedict Torvalds,Bill Gates,Brendan Eich,Dyńda,Patryk,,,,,,,,,,,,,,,,,,,Brendan Eich
10000,Który kraj na świecie ma największe PKB na mieszkańca?,Luksemburg,Szwajcaria,Zjednoczone Emiraty Arabskie,Kuwejt,Dyńda,Patryk,,,,,,,,,,,,,,,,,,,Kuwejt
50000,Który polski król miał zostać carem Rosji?,Władysław IV Waza,Jan Sobieski,Bolesław Krzywousty,Władysław Warneńczyk,Dyńda,Patryk,,,,,,,,,,,,,,,,,,,Władysław Warneńczyk
100,Kto obecnie rządzi Rosją?,Władimir Putin,Borys Jelcyn,Nikita Chruszczow,Dmitrij Miedwiediev,Dyńda,Patryk,,,,,,,,,,,,,,,,,,,Dmitrij Miedwiediev
200,Jak w skrócie nazywa się Sojusz Północnoatlantycki?,NATO,BRICS,ASEAN,ONZ,Dyńda,Patryk,,,,,,,,,,,,,,,,,,,ONZ
500,Jaki jest obecny standard HTML?,HTML 5,HTML 4,HTML 6,HTML 4.1,Dyńda,Patryk,,,,,,,,,,,,,,,,,,,HTML 4.1
1000,W którym roku Polska została członkiem NATO?,1997,2007,2004,1991,Dyńda,Patryk,,,,,,,,,,,,,,,,,,,1991
5000,Który materiał jest najważniejszy przy budowie procesora ?,krzem,stal,tytan,wolfram,Dyńda,Patryk,,,,,,,,,,,,,,,,,,,wolfram
10000,W którym roku doszło do rozpadu ZSRR?,1991,1994,1989,1984,Dyńda,Patryk,,,,,,,,,,,,,,,,,,,1984
50000,Jaka jest inna nazwa reaktora fuzyjnego?,tokamak,termak,torek,tekmek,Dyńda,Patryk,,,,,,,,,,,,,,,,,,,tekmek
100,Jaka jest (w przybliżeniu) liczba ludności świata?,8 miliardów,7 miliardów,6 miliardów,9 miliardów,Kubica,Damian,,,,,,,,,,,,,,,,,,,9 miliardów
200,Która z potraw jest potrawą wigilijną?,barszcz z uszkami,kotlet schabowy,naleśniki,żurek z makaronem,Kubica,Damian,,,,,,,,,,,,,,,,,,,żurek z makaronem
500,Jaka jest inna nazwa protein?,białka,witaminy,tłuszcze,węglowodany,Kubica,Damian,,,,,,,,,,,,,,,,,,,węglowodany
1000,Który z wymienionych przedstawicieli węży jest jadowity?,żararaka pospolita,zaskroniec zwyczajny,pyton zielony,lancetogłów mleczny,Kubica,Damian,,,,,,,,,,,,,,,,,,,lancetogłów mleczny
5000,Co to jest akomodacja?,ustawianie ostrości oka,przyspieszenie pulsu,wzrost temperatury ciała,balansowanie ciałem,Kubica,Damian,,,,,,,,,,,,,,,,,,,balansowanie ciałem
10000,Jak nazywamy najbardziej depresyjny dzień w roku?,Blue Monday,Grey Tuesday,Black Friday,Brown Sunday,Kubica,Damian,,,,,,,,,,,,,,,,,,,Brown Sunday
50000,Który z aktorów zagrał główną rolę tylko w jednym filmie z serii o 'Jamesie Bondzie'?,George Lanzenby,Roger Moore,Sean Connery,Pierce Brosnan,Kubica,Damian,,,,,,,,,,,,,,,,,,,Pierce Brosnan
100,Która z nazw oznacza parlament Stanów Zjednoczonych?,Kongres,Sejm,Duma,Izba Gmin,Herman,Andrzej,,,,,,,,,,,,,,,,,,,Izba Gmin
200,Przed kim Kmicic - bohater powieści Henryka Sienkiewicza - pomagał bronić Jasnej Góry?,przed Szwedami,przed Turkami,przed Tatarami,przed Rosjanami,Herman,Andrzej,,,,,,,,,,,,,,,,,,,przed Rosjanami
500,Kto walczył z wiatrakami?,Don Kichot,Roland,Don Juan,Lancelot,Herman,Andrzej,,,,,,,,,,,,,,,,,,,Lancelot
1000,Kto powiedział słynne słowa 'Kości zostały rzucone'?,Juliusz Cezar,Hammurabi,Napoleon Bonaparte,Jan III Sobieski,Herman,Andrzej,,,,,,,,,,,,,,,,,,,Jan III Sobieski
5000,Gdzie odbywają tarło węgorze europejskie?,w Morzu Sargassowym,w Morzu Kaspijskim,w Morzu Bałtyckim,w Morzu Śródziemnym,Herman,Andrzej,,,,,,,,,,,,,,,,,,,w Morzu Śródziemnym
10000,Gdzie - od 1835 r - produkuje się włoski trunek Cinzano?,w Turynie,w Mediolanie,w Wenecji,we Florencji,Herman,Andrzej,,,,,,,,,,,,,,,,,,,we Florencji
50000,"Manx, Chausie i Cymric to rasy:",kotów,koni,psów,krów,Herman,Andrzej,,,,,,,,,,,,,,,,,,,krów
100,Faworki to:,ciastka,kluski,placki,bułki,Herman,Andrzej,,,,,,,,,,,,,,,,,,,bułki
200,Na czym stoi pomnik?,na cokole,na krokwi,na belce,na kowadle,Herman,Andrzej,,,,,,,,,,,,,,,,,,,na kowadle
500,Deresz to maść:,konia,królika,koguta,kota,Herman,Andrzej,,,,,,,,,,,,,,,,,,,kota
1000,Za pomocą skali Richtera mierzy się siłę:,trzęsień ziemi,huraganów,wiatru,sztormów,Herman,Andrzej,,,,,,,,,,,,,,,,,,,sztormów
5000,Jak nazywał się dyktator obalony przez Fidela Castro?,Batista,Somoza,Duvalier,Lumumba,Herman,Andrzej,,,,,,,,,,,,,,,,,,,Lumumba
10000,W 1958 roku przywódca Chin - Mao Zedong - przedstawił plan nazywany:,wielkim skokiem,rewolucją kulturalną,czerwonym zrywem,skokiem demograficznym,Herman,Andrzej,,,,,,,,,,,,,,,,,,,skokiem demograficznym
50000,Ile w Polsce jest miast według stanu na dzień1 stycznia 2021 r?,954,1215,819,1489,Herman,Andrzej,,,,,,,,,,,,,,,,,,,1489
100,Która reprezentacja wygrała Mistrzostwa Europy w Piłce Nożnej 2012?,Hiszpania,Holandia,Anglia,Niemcy,Kuźnicki,Marcel,,,,,,,,,,,,,,,,,,,
200,Kto został pierwszym prezydentem Stanów Zjednoczonych Ameryki?,George Washington,Theodore Roosevelt,Abraham Lincoln,William Henry Harrison,Kuźnicki,Marcel,,,,,,,,,,,,,,,,,,,
500,Najwyższy szczyt Europy to:,Mont Blanc,Rysy,Musała,Teide,Kuźnicki,Marcel,,,,,,,,,,,,,,,,,,,
1000,Najdłusza rzeka na świecie to:,Nil,Amazonka,Jangcy,Dunaj,Kuźnicki,Marcel,,,,,,,,,,,,,,,,,,,
5000,Język urzędowy w Kolumbii to:,hiszpański,brazylijski,francuski,kolumbijski,Kuźnicki,Marcel,,,,,,,,,,,,,,,,,,,
10000,Do jakiego kraju neleży Wyspa Wielkanocna?,do Chile,do Brazylii,do Argentyny,do Francji,Kuźnicki,Marcel,,,,,,,,,,,,,,,,,,,
50000,"Kto wyreżesyrował film pt.""Green book""?",Peter John Farrelly,Quentin Tarantino,Martin Scorsese,Mel Gibson,Kuźnicki,Marcel,,,,,,,,,,,,,,,,,,,
100,Ile potraw powinno być na bożonarodzeniowym stole?,12,9,S,3,Liwiński,Grzegorz,,,,,,,,,,,,,,,,,,,
500,W którym roku Polska odzyskała niepodległość po latach zaborów?,1918,1934,1945,1920,Liwiński,Grzegorz,,,,,,,,,,,,,,,,,,,
1000,Ile naturalnych satelit posiada Mars?,2,1,3,ani jednego,Liwiński,Grzegorz,,,,,,,,,,,,,,,,,,,
10000,Kto był dowódcą misji Apollo 11?,Neil Armstrong,Buzz Aldrin,Michael Collins,Tom Hallay,Liwiński,Grzegorz,,,,,,,,,,,,,,,,,,,
50000,Ile ważyły próbki zebrane na księżycu podczas misji Apollo 11?,"21,7 kg","19,7 kg","27,1 kg","23,6 kg",Liwiński,Grzegorz,,,,,,,,,,,,,,,,,,,
100,Skąd pochodzi Geralt - bohater książek z serii Wiedźmin ?,z Rivii,ze Skellige,z Novigradu,z Muss,Łoniewskl,Antoni,,,,,,,,,,,,,,,,,,,
1000,Norma 'Iuris Cogentis' to inaczej:,norma imperatywna,norma dyspozytywna,norma semi-imperatywna,norma jakościowa,Łoniewski,Antoni,,,,,,,,,,,,,,,,,,,
50000,Układ współczólny to inaczej ?,układ sympatyczny,układ czuły,układ immunologiczny,układ współrzędnych,Łoniewski,Antoni,,,,,,,,,,,,,,,,,,,
100,Gdzie jest wykorzystywana trąbka Sygnałówka?,w myśliwstwie,na wieży mariackiej,w polityce,na zebraniach towarzyskich,Majchrzak,Bartosz,,,,,,,,,,,,,,,,,,,
200,Zwyczajowo nazywany jest agrestem?,porzeczka agrest,malina agrest ,agrest jeżyna ,borówka zielona,Majchrzak,Bartosz,,,,,,,,,,,,,,,,,,,
500,"Perykles który żył w V w. p.n.e. w Atenach, uważany jest za ojca:",demokracji,monarchii ,tyranii,dyktatury,Majchrzak,Bartosz,,,,,,,,,,,,,,,,,,,
1000,"Irina, Masza i Olga z dramatu Antoniego Czechowa z 1900 r. to:",trzy siostry,matka i dwie córki,"babka, matka i córka",koleżanki,Majchrzak,Bartosz,,,,,,,,,,,,,,,,,,,
10000,Jakie jest najrzadzsze zwierzę świata?,Allonautilus Scrobiculatos,Kakapo,Lampart amurski,Emu gigantyczne,Majchrzak,Bartosz,,,,,,,,,,,,,,,,,,,
50000,"W jakiej wiosce mieszkał najbrudniejszy człowiek świata, który nie mył się ponad 60 lat?",Deżgah,Shenber,Nsogobor,Fulbur,Majchrzak,Bartosz,,,,,,,,,,,,,,,,,,,
100,Działanie odwrotne do potęgowania to:,pierwiastkowanie,dzielenie,mnożenie,całkowanie,Gaudynek,Bartosz,,,,,,,,,,,,,,,,,,,
500,"Legendarny samolot myśliwski P-51 Mustang, był produkcji:",amerykańskiej,brytyjskiej,francuskiej,izraelskiej,Gaudynek,Bartosz,,,,,,,,,,,,,,,,,,,
5000,Który rozbiór Polski poprzedzała konfederacja targowicka?,drugi,trzeci,pierwszy,żaden,Gaudynek,Bartosz,,,,,,,,,,,,,,,,,,,
10000,Owczarek holenderski nie jest mieszanką której z ras psów?,owczarek francuski,owczarek niemiecki,owczarek belgijski,jest mieszanką wszystkicg trzech ras,Gaudynek,Bartosz,,,,,,,,,,,,,,,,,,,
100,Jakiego nakrycia głowy nie noszą Kozacy?,papacha,turbanu,furażki,kubanki,Shabazov,Oleksii,,,,,,,,,,,,,,,,,,,
200,Jak poruszają się biathloniści?,jeżdzą na nartach,jeżdzą na sankach,jeżdzą na snowboardach,jeżdzą na koniu,Shabazov,Oleksii,,,,,,,,,,,,,,,,,,,
500,Jak nazywa się warunkowa linia pozioma odcinka powierzchni ziemi?,szerokość,iluzja,mediana,równik,Shabazov,Oleksii,,,,,,,,,,,,,,,,,,,
1000,Która z tych części świata nie należy do 'Starego Świata'?,Australia,Europa,Azja,Antarktyda,Shabazov,Oleksii,,,,,,,,,,,,,,,,,,,
5000,"Jakie polecenie wydaje obserwator, gdy pojawia się wrogi samolot?",powietrze!!!,słońce!!!,niebo!!!,leci!!!,Shabazov,Oleksii,,,,,,,,,,,,,,,,,,,
10000,"Jakie zwierzę ma zęby trzonowe, które mogą zmienić się 6 razy w ciągu życia?",słoń,niedźwiedź,bizon,rekin,Shabazov,Oleksii,,,,,,,,,,,,,,,,,,,
50000,Jak nazywa się najgłębszy punkt na powierzchni ziemi?,Głębia Challengera,Głębokość Triestu,Punkt Camerona,Punkt Anubisa,Shabazov,Oleksii,,,,,,,,,,,,,,,,,,,
100,Ile trwa kadencja prezydenta Rzeczypospolitej Polskiej?,5 lat,6 lat,4 lata,7 lat,Michalska,Małgorzata,,,,,,,,,,,,,,,,,,,
200,Obecny okres w Japonii nosi nazwę:,Reiwa,Heisei,Shōwa,Taishō,Michalska,Małgorzata,,,,,,,,,,,,,,,,,,,
500,Wojna futbolowa to konflikt miedzy:,Salwadorem a Hondurasem,Hiszpanią a Anglią,Egiptem a Arabią Saudyjską,Portugalią a Włochami,Michalska,Małgorzata,,,,,,,,,,,,,,,,,,,
1000,Gdzie znajduje się siedziba NATO:,w Brukselii,w Waszyngtonie,w Londynie,w Tokio,Michalska,Małgorzata,,,,,,,,,,,,,,,,,,,
50000,Konstytucja Rzeczypospolitej Polskiej składa się z:,preambuły i 13 rozdziałów obejmujących 243 artykuły,15 rozdziałów obejmujących 256 artykuły,preambuły i 26 rozdziałów obejmujących 248 artykuły,12 rozdziałów obejmujących 123 artykuły,Michalska,Małgorzata,,,,,,,,,,,,,,,,,,,
100,Ile trwała wojna stuletnia?,12 lat,58 lat,116 lat,2 lata,Jarosiński,Łukasz,,,,,,,,,,,,,,,,,,,
200,Ile trwa jeden kwartał?,3 miesiące,5 miesięcy,2 miesiące,6 miesięcy,Jarosiński,Łukasz,,,,,,,,,,,,,,,,,,,
5000,Kto został królem Anglii po bitwie pod Hastings?,Wilhelm Zdobywca,Henryk Zdobywca,Karol I,Henryk VII,Jarosiński,Łukasz,,,,,,,,,,,,,,,,,,,
10000,Panczeniści do uprawiania swojego sportu potrzebują?,łyżew,karabimku,liny,tyczki,Jarosiński,Łukasz,,,,,,,,,,,,,,,,,,,
50000,Który polski król był teściem króla Francji?,Stanisław August Poniatowski,Kazimierz Wielki,Stanisław Leszczyński,Jan Olbracht,Jarosiński,Łukasz,,,,,,,,,,,,,,,,,,,
100,Które miasto ma w herbie syrenkę - mityczną pół kobietę pół rybę?,Warszawa,Gdynia,Kraków,Wrocław,Dominikowski,Kamil,,,,,,,,,,,,,,,,,,,
500,Jaki ułamek występuje we wzorze na objętość kuli?,cztery trzecie,trzy czwarte,jedna druga,jedna trzecia,Dominikowski,Kamil,,,,,,,,,,,,,,,,,,,
1000,Ile państw należy obecnie do Unii Europejskiej (stan na 30 października 2022)?,27,28,29,26,Dominikowski,Kamil,,,,,,,,,,,,,,,,,,,
5000,Ilu posłów zasiada w polskim Sejmie?,460,450,440,100,Dominikowski,Kamil,,,,,,,,,,,,,,,,,,,
10000,Jaki jest minimalny wymagany wiek kandydata na prezydenta RP?,35 lat,18 lat,30 lat,50 lat,Dominikowski,Kamil,,,,,,,,,,,,,,,,,,,
50000,Które państwo nie jest członkiem OPEC?,Sudan,Wenezuela,Iran,Angola,Dominikowski,Kamil,,,,,,,,,,,,,,,,,,,
100,"Który król Polski zastał Polskę drewnianą,a zostawił murowaną?",Kazimierz Wielki,Władysław Jagiełło,Otton II,Kazimierz Jagiellończyk,Klimkiewicz,Przemysław,,,,,,,,,,,,,,,,,,,
500,Czyją córka wg mitologii nordyckiej była Hela?,Lokiego,Thora,Zeusa,Świętowida,Klimkiewicz,Przemysław,,,,,,,,,,,,,,,,,,,
1000,Ile państw wchodzi w skład NATO  (stan na 30 października 2022)?,30,45,20,35,Klimkiewicz,Przemysław,,,,,,,,,,,,,,,,,,,
5000,W którym roku została założona Europejska Wspólnota Węgla i Stali ?,1952,1965,1960,1950,Klimkiewicz,Przemysław,,,,,,,,,,,,,,,,,,,
10000,Ile razy Adam Małysz zdobył Puchar Świata w skokach narciarskich?,4,7,2,5,Klimkiewicz,Przemysław,,,,,,,,,,,,,,,,,,,
50000,Ile osób było na pokładzie Titanica w chwili jego zatonięcia?,ok. 2200,ok. 3000,ok. 1500,ok. 4000,Klimkiewicz,Przemysław,,,,,,,,,,,,,,,,,,,
500,Ile gwiazdek Michelin zdobył Gordon Ramsay?,15,6,16,3,Klimkiewicz,Przemysław,,,,,,,,,,,,,,,,,,,
1000,Ile obrazów namalował Leonardo Da Vinci?,15,5,8,20,Klimkiewicz,Przemysław,,,,,,,,,,,,,,,,,,,
5000,Jaki kryptonim nosił amerykańskiprojekt budowy bomby atomowej?,Projekt Manhatan,Projekt New York,Projekt Iowa,Projekt Phoenix,Klimkiewicz,Przemysław,,,,,,,,,,,,,,,,,,,
10000,Który władca Wielkiej Brytanii panował najdlużej?,Elżbieta II,Karol III,Rysard Lwie Serce,Napoleon Bonaparte,Klimkiewicz,Przemysław,,,,,,,,,,,,,,,,,,,
50000,Jakie było prawdziwe imię Bruce'a Lee?,Jun-Fan Lee,Yip Man,Cho fan Cho,Chow Yun Fat,Klimkiewicz,Przemysław,,,,,,,,,,,,,,,,,,,
100,W którym roku został założony RTS Widzew?,1910,1912,1907,1913,Nawrocki,Jakub,,,,,,,,,,,,,,,,,,,
200,Z jakiej dyscypliny sportowej zasłynęła Anna Lewandowska - żona Roberta?,katare,sumo,MMA,kalistenika,Nawrocki,Jakub,,,,,,,,,,,,,,,,,,,
500,Jaka marka samochodu trafiła jako pierwsza do masowej produkcji?,Ford,Volkswagen,Toyota,Cadillac,Nawrocki,Jakub,,,,,,,,,,,,,,,,,,,
1000,Który skoczek narciarski wygrał 68. Turniej Czterech Skoczni w sezonie 2019/2020?,Dawid Kubacki,Kamil Stoch,Piotr Żyła,Adam Małysz,Nawrocki,Jakub,,,,,,,,,,,,,,,,,,,
5000,Która reprezentacja wygrała Mistrzostwa Świata w piłce nożnej w 2010 roku organizowane w RPA?,Hiszpania,Niemcy,Urugwaj,Holandia,Nawrocki,Jakub,,,,,,,,,,,,,,,,,,,
50000,Kto został mistrzem świata w Formule 1 w 2018 roku?,Lewis Hamilton,Sebastian Vettel,Max Verstappen,Fernando Alonso,Nawrocki,Jakub,,,,,,,,,,,,,,,,,,,
200,Jak nazywa się kontynent na którym toczy się trylogia filmów 'Władca pierścieni'?,Śródziemie ,Mordor,Tamriel,Valinor,Krysiak,Maciej,,,,,,,,,,,,,,,,,,,
500,Jak nazwywał się protagonista w grze 'Mass Effect',Shepard,Taylor,Anderson,Joker,Krysiak,Maciej,,,,,,,,,,,,,,,,,,,
1000,Do którego greckiego boga przypisany jest atrybut orła ?,Zeusa,Posejdona ,Hadesa,Ateny,Krysiak,Maciej,,,,,,,,,,,,,,,,,,,
5000,Któego dnia odbyło się lądowanie Aliantów w Normandi ?,6 czerwca 1944,15 lipca 1944,1 maj 1944,10 czerwca 1944,Krysiak,Maciej,,,,,,,,,,,,,,,,,,,
10000,Do jakiego gatunku drzew zaliczało się 'Drzewo Świata' Yggdrasil,jesion,buk,dąb,lipa,Krysiak,Maciej,,,,,,,,,,,,,,,,,,,
50000,Od jakiej substancji był uzależniony Herman Göring?,od morfiny,od fentanylu,od aspiryny,od nikotyny,Krysiak,Maciej,,,,,,,,,,,,,,,,,,,
200,Któa reprezentacja wygrała Mistrzostwa Świata w siatkówce mężczyan w 2022 roku?,Włochy,Polska,Brazylia,USA,Kuśmierek,Kacper,,,,,,,,,,,,,,,,,,,
500,"Która cyfra jest uważana za pechową w takich krajach, jak Japonia, Wietnam, czy Chiny? ",czwórka,trójka,piątka,dwójka,Dudek,Dominika,,,,,,,,,,,,,,,,,,,
1000,Który z podanych grzybów posiada tzw 'blaszki'?,kurka,podgrzybek,prawdziwek,maślak,Kuśmierek,Kacper,,,,,,,,,,,,,,,,,,,
5000,Podaj prawidłowy wzór opisujący prawo Ohma,U= I*R,V= S/t,P= W/t,Ek= m*v^2/2,Kuśmierek,Kacper,,,,,,,,,,,,,,,,,,,
10000,Ile litrów czystego alkoholu statystycznie wypija Polak w ciągu roku?,12 l,5 l,25 l,42 l,Kuśmierek,Kacper,,,,,,,,,,,,,,,,,,,
50000,W jakim jraju urodził się Miś Paddington - stworzony przez angielskiego pisarza Michaela Bonda?,w Peru,w USA,w Indiach,w Anglii,Miś,Daniel,,,,,,,,,,,,,,,,,,,
200,Które z wymienionychzwierząt jest rybą?,zając morski,zając,świnia,antylopa,Miś,Daniel,,,,,,,,,,,,,,,,,,,
10000,Czym charakteryzuje się - niezależnie od pory roku - gronostaj europejski?,ma czarną końcówkę ogona,jest czarny,jest cały biały,ma białą końcówkę ogona,Miś,Daniel,,,,,,,,,,,,,,,,,,,
50000,Czym się zajmuje petrologia?,skałami,paliwem,ssakami,roślinami,Miś,Daniel,,,,,,,,,,,,,,,,,,,
100,"Dokończ tytuł słynnego westernu : ""Dobry, zły i...""",brzydki,martwy,głupi,zakręcony,Knap,Bartłomiej,,,,,,,,,,,,,,,,,,,
200,Na jakie półkule równik dzieli kulę ziemską?,północną i południową,południową i zachodnią,wschodnią i zachodnią,północną i wschodnią,Knap,Bartłomiej,,,,,,,,,,,,,,,,,,,
500,"Co jest jednym z motywów filmu ""Aż poleje się krew""?",ropa,złoto,diamenty,krew,Knap,Bartłomiej,,,,,,,,,,,,,,,,,,,
1000,Skąd pochodził Niki Lauda - słynny kierowca F1?,z Austrii,z Polski,z Holandii,z Niemiec,Knap,Bartłomiej,,,,,,,,,,,,,,,,,,,
5000,"Jaką pozycję w mennicy miał Arturo Román przed napadem w serialu ""Dom z papieru""?",był dyrektorem,był kierownikiem działu banknotów,był kasjerem,był doradcą,Knap,Bartłomiej,,,,,,,,,,,,,,,,,,,
10000,"W którym roku oficjalną premierę miała gra ""League of Legends""?",2009,2007,2005,2000,Knap,Bartłomiej,,,,,,,,,,,,,,,,,,,
50000,"Co według Leszka Kołakowskiego jest sklepieniem domu, w którym duch ludzki mieszka?",czas,miłość,Bóg,Rozum,Knap,Bartłomiej,,,,,,,,,,,,,,,,,,,
200,Jaki jest największy kontynent na Ziemi?,Azja,Ameryka Północna ,Ameryka Południowa,Afryka,Morek,Andrzej,,,,,,,,,,,,,,,,,,,
1000,W jakim państwie urodził się Adolf Hitler?,w Austrii,w Niemczech,w Szwajcarii,w Liechtensteinie,Morek,Andrzej,,,,,,,,,,,,,,,,,,,
5000,Ile gwiazdek jest na fladze Stanów Zjednoczonych?,50,30,20,100,Morek,Andrzej,,,,,,,,,,,,,,,,,,,
50000,Po jakim czasie od momentu uderzenia w górę lodową zatonął słynny statek Titanic?,po 2.5h,po 2h,po 3h,po 4h,Morek,Andrzej,,,,,,,,,,,,,,,,,,,
100,Najczęściej występujący owoc w Polsce to,jabłko,truskawka,czereśnia ,śliwka,Cylke,Piotr,,,,,,,,,,,,,,,,,,,
200,W którym roku wybuchło Powstanie łódzkie - znane również jako Powstanie czerwcowe?,1905,1914,1945,1950,Mikołajczyk ,Jakub,,,,,,,,,,,,,,,,,,,
500,W jakim mieście zgubił się 'Kevin' - bohater znanej komedii familijnej?,w Nowym Jorku,w Nowym Meksyku,w Waszyngtonie,w Nowym Orleanie,Cylke,Piotr,,,,,,,,,,,,,,,,,,,
5000,"Jak nazywa się nakrycie głowy, które noszą kobiety wyznające islam?",hidżab,qubea,shal,washah,Dudek,Dominika,,,,,,,,,,,,,,,,,,,
10000,Jak nazywa się naczynie do ubijania śmietany na masło?,kierznia,mcha,ubijak,galicja,Dudek,Dominika,,,,,,,,,,,,,,,,,,,
100,Jak ma na imię główny bohater gry Cyberpunk 2077?,V,C ,X,Q,Piasecki,Konrad,,,,,,,,,,,,,,,,,,,
5000,Asterix i Obelix to seria komiksów stworzona przez?,Rene Goscinnego,Walta Disneya,Williama Van Hoorna,Papcia Chmiela,Piasecki,Konrad,,,,,,,,,,,,,,,,,,,
50000,Bóg wojny według mitologii greckiej to?,Ares,Kratos,Zeus,Mars,Piasecki,Konrad,,,,,,,,,,,,,,,,,,,
500,Jaki kolor ma język żyrafy?,czarny,zielony,żółty,czerwony,Jędrzejczak,Jakub,,,,,,,,,,,,,,,,,,,
1000,"Likier maraskino produkuje się z maraski, czyli odmiany:",wiśni,jabłoni,figi,gruszy,Jędrzejczak,Jakub,,,,,,,,,,,,,,,,,,,
5000,Walutą jakiego kraju jest real?,Brazylii,Kolumbii,Meksyku,Argentyny,Jędrzejczak,Jakub,,,,,,,,,,,,,,,,,,,
10000,"Kto jest mistrzem tego samego oręża, w jakim specjalizowała się mitologiczna Artemida?",Legolas,Zorro,Don Kichot,Longinus Podbipięta,Jędrzejczak,Jakub,,,,,,,,,,,,,,,,,,,
50000,Kogo mowa  - w obronie poety Archiasza - jest uznawana za jeden z najświetniejszych popisów retorycznych?,Cycerona,Izokratesa,Demostenesa,Kwintyliana,Jędrzejczak,Jakub,,,,,,,,,,,,,,,,,,,
100,Przedstawicielem jakiego gatunku gier komputerowych jest gra World of Warcraft?,MMORPG,cRPG,Hack and Slash,RTS,Jakóbczak,Maciej,,,,,,,,,,,,,,,,,,,
200,W którym z filmów z serii Gwiezdne Wojny nie zagrał Harisson Ford?,Mroczne Widmo,Przebudzenie Mocy,Nowa Nadzieja,Imperium Kontratakuje,Jakóbczak,Maciej,,,,,,,,,,,,,,,,,,,
500,Kto był pierwszym polakiem w koszykarskiej lidze NBA?,Cezary Trybański,Marcin Gortat,Maciej Lampe,Jeremy Sochan,Jakóbczak,Maciej,,,,,,,,,,,,,,,,,,,
1000,W którym sezonie klub piłkarski Arsenal zakończył rozgrywki ligowe nie przegrywając ani jednego meczu?,2003/2004,2002/2003,1978/1989,2014/2015,Jakóbczak,Maciej,,,,,,,,,,,,,,,,,,,
5000,Na jakim silniku stworzona została gra Wiedźmin z 2007 roku?,Aurora Engine,Unreal Engine ,Red Engine,Unity,Jakóbczak,Maciej,,,,,,,,,,,,,,,,,,,
10000,Z jakiego miasta wywodzi się Drizzt Do'Urden - główny bohater Sagi Mrocznego Elfa autorstwa R.A. Salvatore?,Menzoberranzan,Wrota Baldura,Luskan,Ched Nasad,Jakóbczak,Maciej,,,,,,,,,,,,,,,,,,,
50000,Jaka jest najniższa temperatura zanotowana dotychczas na Ziemi?,-111 stopni Celsjusza,"-68,6 stopnia Celsjusza","-89,2 stopnia Celsjusza",-98 stopni Celsjusza,Jakóbczak,Maciej,,,,,,,,,,,,,,,,,,,
200,W której erze Gandalf przybył do śródziemia?,trzeciej,drugiej,czwartej,piątej,Cylke,Piotr,,,,,,,,,,,,,,,,,,,
500,Jakie studio jest odpowiedzialne za grę Rayman z 1995 r?,Ubisoft,EA,Amiga,Sega,Cylke,Piotr,,,,,,,,,,,,,,,,,,,
1000,Których modeli czołgów użyto najwięcej podczas II Wojny Światowej? ,T-34,M4 Sherman,M5 Stuart,Pantera,Cylke,Piotr,,,,,,,,,,,,,,,,,,,
5000,Ile królestw liczy 'Gra o tron'?,7,8,5,6,Cylke,Piotr,,,,,,,,,,,,,,,,,,,
10000,Ile jest przesłanek Uni Europejskiej?,4,5,3,6,Cylke,Piotr,,,,,,,,,,,,,,,,,,,
50000,Podaj dokładną datę wysłania pierwszego sztucznego satelety Ziemi w kosmos,4 października 1957,5 października 1957,4 pażdziernika 1958,5 października 1958,Cylke,Piotr,,,,,,,,,,,,,,,,,,,
100,Jakie rozszerzenie może mieć plik będący spakowanym archiwum?,.rar,.pdf,.svg,.docx,Czyżewski,Paweł,,,,,,,,,,,,,,,,,,,
200,Kto jest twórcą systemu Linux?,Linus Torvalds,Steve Wozniak,Niklaus Wirth,Thomas Kurtz,Czyżewski,Paweł,,,,,,,,,,,,,,,,,,,
500,Jaki symbol chemiczny ma tytan?,Ti,Tg,Ty,Tv,Czyżewski,Paweł,,,,,,,,,,,,,,,,,,,
1000,Kto nie należy do klubu 27?,Mick Jagger,Jim Morisson,Amy Winehouse,Kurt Cobain,Czyżewski,Paweł,,,,,,,,,,,,,,,,,,,
5000,W którym kraju urodził się Elon Musk?,w Republice Południowej Afryki,w Kanadzie,w Stanch Zjednoczonych,w Kolumbiii,Czyżewski,Paweł,,,,,,,,,,,,,,,,,,,
50000,Popularny myszojeleń to: ,kanczyl srebrnogrzbiety,góralek skalny,leniwiec dwupalczasty,wydra europejska,Czyżewski,Paweł,,,,,,,,,,,,,,,,,,,
100,Która firma nie zajmuje się produkowaniem podzespołów komputerowych?,Bosch,Asus,MSI,Corsair,Jakóbczak,Maciej,,,,,,,,,,,,,,,,,,,
200,Który z filmów należy do uniwersum Predatora?,Prey,Wyprawa do Dżungli,Zaginione Miasto,Prometeusz,Jakóbczak,Maciej,,,,,,,,,,,,,,,,,,,
500,Ile liter jest w alfabecie polskim?,32,35,26,23,Jakóbczak,Maciej,,,,,,,,,,,,,,,,,,,
1000,Z jakim numerem na koszulce nigdy nie występował Michael Jordan?,32,23,12,45,Jakóbczak,Maciej,,,,,,,,,,,,,,,,,,,
5000,Jak nazywała się najpotężniejsza dotychczas zdetonowana bomba atomowa?,Car-bomba,Little Boy,Castle Bravo,Ivy Mike,Jakóbczak,Maciej,,,,,,,,,,,,,,,,,,,
10000,Który telefon komórkowy był pierwszym wyposażonym w dwa aparaty fotograficzne?,Samsung SCH-B710,Sharp J-SH04,Kyocera VP-210,Sony Ericsson K800i,Jakóbczak,Maciej,,,,,,,,,,,,,,,,,,,
50000,Ile jednostek w skali Scoville'a posiada najostrzejsza papryczka świata?,"1,57 mln SKU","1,38 mln SKU","1,1 mln SKU","1,53 mln SKU",Jakóbczak,Maciej,,,,,,,,,,,,,,,,,,,
500,"Nazwa komety, którą widać jedynie raz na 76 lat z Ziemi to?",Kometa Halleya,‎Kometa Hale’a-Boppa,Kometa Cheseauxa,Wielka Kometa Marcowa,Marczyk ,Mirosław,,,,,,,,,,,,,,,,,,,
1000,Punktem przeciwnym do zenitu jest?,Nadir,południe,radio,prąd wsteczny,Marczyk ,Mirosław,,,,,,,,,,,,,,,,,,,
5000,Gromada otwarta na nieboskłonie północnym to?,Plejady,Mała Niedźwiedzica,Orion,Trójkąt Letni,Marczyk ,Mirosław,,,,,,,,,,,,,,,,,,,
10000,Jaka jest średnia odległość ziemi od słońca?,150 mln km,rok świetlny,milion mil lądowych,1 parsek,Marczyk ,Mirosław,,,,,,,,,,,,,,,,,,,
50000,Jak nazywa się najjaśniejsza gwiazda w gwiazdozbiorze Wolarza?,Arktur,Wega,Deneb,Rigel,Marczyk ,Mirosław,,,,,,,,,,,,,,,,,,,
100,"Jak się nazywała się Polka, która otrzymała nagrodę Nobla z fizyki i chemii ?",Maria Skłodowska ,Wanda Rutkiewicz,Agata Mróz – Olszewska,Joanna Krupa,Marczyk ,Mirosław,,,,,,,,,,,,,,,,,,,
200,Zero absolutne to:,-273 stopni Celsjusza,15 kelwinów,0 stopni Celsjusza,najniższa temperatura na Ziemi,Marczyk ,Mirosław,,,,,,,,,,,,,,,,,,,
500,"Ciało ze stanu stałego przeszło bezpośrednio w stan gazowy, mamy tu do czynienia z:",sublimacją,resublimacją,parowaniem,skraplaniem,Marczyk ,Mirosław,,,,,,,,,,,,,,,,,,,
1000,"Kolarz przejechał pierwsze 26 km w czasie 1 godziny, a następne 42 km w czasie 3 godz. Średnia prędkość kolarza wynosiła:",17km/h,18km/h,19km/h,20km/h,Marczyk ,Mirosław,,,,,,,,,,,,,,,,,,,
10000,Czyj pomnik znajduje się w Parku Śledzia w Łodzi?,Mojżesza,Juliana Tuwima,Mikołaja Kopernika,Józefa  Piłsudskiego,Dudek,Dominika,,,,,,,,,,,,,,,,,,,
50000,Ile polskich obiektów znajduje się na liście UNESCO?  ,17,25,30,51,Dudek,Dominika,,,,,,,,,,,,,,,,,,,
100,Który z filmów nie został nakręcony przez Patryka Vegę?,Katyń,Botoks,Pitbull,Pętla,Młynek,Jakub,,,,,,,,,,,,,,,,,,,
200,Z ilu ksiąg składa się 'Pan Tadeusz'?,z 12,z 11,z 10,z 13,Młynek,Jakub,,,,,,,,,,,,,,,,,,,
500,Kto jest najbardziej popularnym YouTuberem  w Polsce w 2022r pod względem ilości subskrypcji?,Blowek,Karol Friz Wiśniewski,reZigiusz,Stuu,Młynek,Jakub,,,,,,,,,,,,,,,,,,,
1000,Jaki kolor odczynu ma fenoloftaleina ?,różowy,czerwony,żółty,zielony,Młynek,Jakub,,,,,,,,,,,,,,,,,,,
5000,W którym roku odbyła się pierwsza gala FAME MMA?,w 2018,w 2019,w 2017,w 2016,Młynek,Jakub,,,,,,,,,,,,,,,,,,,
10000,Jakiego wzrostu jest najwyższy żyjący człowiek świata?,251 cm,250 cm,260 cm,245 cm,Młynek,Jakub,,,,,,,,,,,,,,,,,,,
50000,Jaki jest kod pocztowy na Zduńska Wola?,98-220,98-225,98-200,98-230,Młynek,Jakub,,,,,,,,,,,,,,,,,,,
200,W Singapurze na ulicy nie wolno ...:,żuć gumy,zaczepiać obcych,patrzeć się na kobiety,robić zdjęć,Dudek,Dominika,,,,,,,,,,,,,,,,,,,
500,Które morze jest najmłodszym morzem świata?,Morze Bałtyckie,Morze Kaspijskie,Morze Północne,Morze Czarne,Dudek,Dominika,,,,,,,,,,,,,,,,,,,
1000,Ile mięśni posiada człowiek?,ok. 650,ok. 600,ok. 700,ok. 920,Dudek,Dominika,,,,,,,,,,,,,,,,,,,
5000,Jaka marka samochodowa zaczęła jako pierwsza montować wycieraczki szyb?,Cadillac,Ford,Daimler,Mercedes Benz,Dudek,Dominika,,,,,,,,,,,,,,,,,,,
10000,W którym mieście znajduje się 51 parków?,w Poznaniu,w Warszawie,we Wrocławiu,w Łodzi,Dudek,Dominika,,,,,,,,,,,,,,,,,,,
50000,Jaki jest najwyższy budynek w Warszawie?,Varso Tower,Pałac Kultury i Nauki,Warsow Trade Tower,Q22,Dudek,Dominika,,,,,,,,,,,,,,,,,,,
1000,Prezesem serwisu YouTube od 2014 roku jes ? ,Susan Wojcicki,Chad Hurley,Steve Chen,Jawed Karim,Łuczak,Michał,,,,,,,,,,,,,,,,,,,
5000,W którym roku rozpoczęła się wojna o niepodległość w Stanach Zjednoczonych ?,w 1775,w 1774,w 1773,w 1776,Łuczak,Michał,,,,,,,,,,,,,,,,,,,
50000,Obiektowy jezyk programowania to? ,Java,HTML ,CSS,Exel ,Łuczak,Michał,,,,,,,,,,,,,,,,,,,
200,Z jakiego kraju pochodzi najwięcej Noblistów?,z USA,z Polski,z Wielkiej Brytanii,z Francji,Miara,Zbigniew,,,,,,,,,,,,,,,,,,,
1000,"Kto wyreżesyrował film ""Gladiator"" z Russelem Crowe w roli głównej?",Ridley Scott,Andrzej Wajda,Christopher Nolan,Quentin Tarantino,Miara,Zbigniew,,,,,,,,,,,,,,,,,,,
200,Jakim kolorem oznaczamy plus w instalacjach na prąd stały?,czerwonym,zielonym,czerwono-czarnym,czarnym,Marciniak,Daniel,,,,,,,,,,,,,,,,,,,
5000,Jakie napięcie skuteczne możemy uzyskać w obwodzie trójfazowym dostarczenym przez dostawców na terenie Polski?,400V,325V,230V,690V,Marciniak,Daniel,,,,,,,,,,,,,,,,,,,
10000,Które urządzenie z wymienionych ma największą sprwność swietlną?,led,świetlówka,żarówka,halogen,Marciniak,Daniel,,,,,,,,,,,,,,,,,,,
50000,Ile procent prądu zamieniniane jest na energię cieplną w procesorze komputera?,więcej niż 99%,około 60%,30%,mniej niż 15%,Marciniak,Daniel,,,,,,,,,,,,,,,,,,,
100,"Kto wstrzymał Słońce, a ruszył Ziemię?",Mikołaj Kopernik,Neil Armostrong,Nostradamus,Mikołaj Rej,Jagieła,Łukasz,,,,,,,,,,,,,,,,,,,
200,Najlżejszym pierwiastkiem chemicznym jest..,wodór,hel,tlen,węgiel,Jagieła,Łukasz,,,,,,,,,,,,,,,,,,,
500,Która cecha jest recesywna?,jasne włosy,ciemne włosy,odstające uszy,piegi,Jagieła,Łukasz,,,,,,,,,,,,,,,,,,,
1000,W którym roku przeprowadzono pierwszą rozmowę telefoniczną?,w 1876,w 1875,w 1879,w 1888,Jagieła,Łukasz,,,,,,,,,,,,,,,,,,,
5000,Kto jest twórcą języka C++?,Bjarne Stroustrup,Guido van Rossum,James Gosling,Brendan Eich,Jagieła,Łukasz,,,,,,,,,,,,,,,,,,,
50000,W którym roku nastąpiło pierwsze rozdanie Nagrody Turinga?,w 1966,w 1969,w 1964,w 1970,Jagieła,Łukasz,,,,,,,,,,,,,,,,,,,
200,Kto napisał poemat Dziady?,Adam Mickiewicz,Juliusz Słowacki,Joseph Conrad,Ignacy Krasicki,Kociołek,Igor,,,,,,,,,,,,,,,,,,,
500,Po ilu latach rozpadł się Związek Socjalistycznych Republik Radzieckich?,po 69 latach,po 70 latach,po 68 latach,po 71 latach,Kociołek,Igor,,,,,,,,,,,,,,,,,,,
1000,Jak nazywał się naprawdę Bolesław Prus?,Aleksander Głowacki,Wiktor Rosiński,Bolesław Pruski,Stanisław Wyspiański,Kociołek,Igor,,,,,,,,,,,,,,,,,,,
5000,"Ile nakręcono odcinków serialu animowanego ""Kapitan Bomba'?",164,159,201,250,Kociołek,Igor,,,,,,,,,,,,,,,,,,,
10000,Jak nazywał się Unabomber?,Theodore Kaczynski,Barack Obama,Theodore Roosevelt,Joe Biden,Kociołek,Igor,,,,,,,,,,,,,,,,,,,
50000,W jakim mieście zmarł Mikołaj Kopernik?,Frombork,Toruń,Lublin,Elbląg,Kociołek,Igor,,,,,,,,,,,,,,,,,,,
100,W trakcie którego roku nauki Hermiona zrezygnowała z Wróżbistwa?,3,2,4,1,Leśniak,Adam,,,,,,,,,,,,,,,,,,,
200,Atrybutem jakiego greckiego boga jest trójząb?,Posejdona,Zeusa,Prometeusza,Ateny,Leśniak,Adam,,,,,,,,,,,,,,,,,,,
500,Które miasto w Polsce jest na drugim miejscu pod względem zaludnienia?,Kraków,Łódź,Sczecin,Katowice,Leśniak,Adam,,,,,,,,,,,,,,,,,,,
1000,Które z wymienionych państw powatało w wyniku rozpadu ZSRR?,Kazachstan,Irak,Iran,RFN,Leśniak,Adam,,,,,,,,,,,,,,,,,,,
5000,Jaki wzór ma wodorotlenek sodu?,NaOH,MgOH,NAH,KOH,Leśniak,Adam,,,,,,,,,,,,,,,,,,,
10000,"W rolę Władysława Szpilmana w filmie ""Pianista"" Romana Polańskiego wcielił się:",Adrien Brody,Zbigniew Zamachowski,Lew Rywin,Thomas Kretschmann,Leśniak,Adam,,,,,,,,,,,,,,,,,,,
50000,W którym roku załozono koncern Toyota?,1937,1947,1927,1917,Leśniak,Adam,,,,,,,,,,,,,,,,,,,
100,Które gady w polsce są pod ochroną?,Wzystkie,Żółwie,Węże,Jaszczurki,Podgórski,Gabryś,,,,,,,,,,,,,,,,,,,
200,W któtrym roku miejsce miał Hołd pruski?,1525,1532,1521,1528,Podgórski,Gabryś,,,,,,,,,,,,,,,,,,,
500,Ile smoków w serialu Gra o Tron miała Daenerys Targaryen?,3,2,1,0,Podgórski,Gabryś,,,,,,,,,,,,,,,,,,,
1000,Jak nazywają się dodatnio naładowane cząstki budujące atom?,Protony,Neutrony,Elektrony,Miony,Podgórski,Gabryś,,,,,,,,,,,,,,,,,,,
5000,Barwy jakiego kraju reprezentował Kevin Keegan?,Anglia,Szkocja,Irlandia,Irlandia Północna,Podgórski,Gabryś,,,,,,,,,,,,,,,,,,,
10000,W jakim mieście w USA zaczyna się akcaj gry The last of us?,Austin,Las Vegas,San Francisco,Chicago,Podgórski,Gabryś,,,,,,,,,,,,,,,,,,,
50000,Claas Jaguar to?,Sieczkarnia,Kombajn zbożowy,Traktor,Samochód,Podgórski,Gabryś,,,,,,,,,,,,,,,,,,,
100,Jak w  średniowieczu nazywano wytwórce piwa ?,Browarnik,Szkutnik,Grabarz,Winiarz,Dyszerowicz,Dawid,,,,,,,,,,,,,,,,,,,
200,"Jak nazywa się wieś w kultowym serialu ""Ranczo"" ?",Wilkowyje,Borów,Bąków,Zambrów,Dyszerowicz,Dawid,,,,,,,,,,,,,,,,,,,
500,6x6=?,36,12,18,32,Dyszerowicz,Dawid,,,,,,,,,,,,,,,,,,,
1000,Kto był inicjatorem budowy zamku w Malborku,Zakon Krzyżacki,Królestwo Polskie,Książe pomorza Gdańskiego,Zakon Franciszkański ,Dyszerowicz,Dawid,,,,,,,,,,,,,,,,,,,
5000,Tysiąc uczniów otrzymało  po 100cukierów. Ile cukierków rozdano ?,100000,1000000,10000,1000,Dyszerowicz,Dawid,,,,,,,,,,,,,,,,,,,
10000,Kiedy rozpoczęła się bitwa o Narwik?,1940-04-09,10kwietnia1940,9kwietnia1941,10kwietnia1941,Dyszerowicz,Dawid,,,,,,,,,,,,,,,,,,,
50000,"Którą literą polskiego alfabetu jest litera ""Ź""?  ",31,30,32,29,Dyszerowicz,Dawid,,,,,,,,,,,,,,,,,,,
100,Słynne gumowate łakocie produkowane w Niemczech od 1922r. mają postać:,misiów,węży,samolotów,ślimaków,Matysiak,Paweł,,,,,,,,,,,,,,,,,,,
200,"Grynszpan to inaczej patyna, śniedź, którą pokrywają się z czasem przedmioty z miedzi. Jaki ma kolor?",niebieskozielony,jasnożółty,białawy,czerwony,Matysiak,Paweł,,,,,,,,,,,,,,,,,,,
500,Z czym najłatwiej pomylić pasternak?,z pietruszką,ze szczawiem,z burkamiem,z kalarepą,Matysiak,Paweł,,,,,,,,,,,,,,,,,,,
1000,Które miasto ma w herbie epizod z księgi rodzaju?,Bełchatów,Łódź,Malbork,Gdynia,Matysiak,Paweł,,,,,,,,,,,,,,,,,,,
5000,Czego nie ma tetraedr?,kwadratu w podstawie,trójkątnych ścian,sześciu krawędzi,czterech wierzchołków,Matysiak,Paweł,,,,,,,,,,,,,,,,,,,
10000,Co podzielimy na dzwonka?,uliki,jarmuż,karczochy,kajzerkę,Matysiak,Paweł,,,,,,,,,,,,,,,,,,,
50000,"Wątróbka z cebulką (…) jest zakąską doskonałą. Aby ją przyrządzić, należy kupić samochód i pędzić nim póty, aż się kogoś przejedzie'. To Lem i…",Dyktanda czyli?',Opowieści o pilocie Pirxie',Solaris',Szpital Przemienienia',Matysiak,Paweł,,,,,,,,,,,,,,,,,,,
100,Jak ma na imie syn Naruto z anime 'Naruto'?,Boruto,Saruto,Doruto,Dorito,Strojkowski,Albert,,,,,,,,,,,,,,,,,,,
200,Które z tych anime nie nalezy do studia Ghibli?,One Piece,Spirited Away,Mój sąsiad Totoro,Księżniczka Mononoke,Strojkowski,Albert,,,,,,,,,,,,,,,,,,,
500,Jaki owoc został włożony do mikrofalówki w anime 'Stains Gate'?,Banan,Jabłko,Brzoskwinia,Pomarańcza,Strojkowski,Albert,,,,,,,,,,,,,,,,,,,
1000,Jakie anime wygrało nagrode na najlepsze anime roku 2021?,Jujutsu Kaisen,Beastars,Dorohedoro,Tower of God,Strojkowski,Albert,,,,,,,,,,,,,,,,,,,
5000,Jaka manga miała najdłuższą przerwe w publikacji?,Hunter x Hunter,One Piece,Noragami,Fairy Tail,Strojkowski,Albert,,,,,,,,,,,,,,,,,,,
10000,Ktore z tych anime powstało na podstawie Gry?,Angels of Death,Naruto,Dragon Ball,IS : Infinite Stratos,Strojkowski,Albert,,,,,,,,,,,,,,,,,,,
50000,Jak ma na imie brat Natsu z anime 'Fairy Tail'?,Zeref,Gray,Happy,Ustan,Strojkowski,Albert,,,,,,,,,,,,,,,,,,,
100,Kto jest drugim producentem kawy na świecie?,Brazylia,Wietnam,Kolumbia,Etiopia,Cieplucha,Maciej,,,,,,,,,,,,,,,,,,,
200,Ile punktów przyznaje się w koszykówce za rzut osobisty?,1,2,3,4,Cieplucha,Maciej,,,,,,,,,,,,,,,,,,,
500,Czyja puszka oznacza nieszczescie?,Pandory,Afrodyty,Psymenny,Anny,Cieplucha,Maciej,,,,,,,,,,,,,,,,,,,
1000,Preambuła to inaczej:,wstęp,rozwinięcie,errata,zakończenie,Cieplucha,Maciej,,,,,,,,,,,,,,,,,,,
5000,Odwrócona flaga Polski to flaga:,Monako,Kanady,USA,Mołdawii,Cieplucha,Maciej,,,,,,,,,,,,,,,,,,,
10000,Pierwsza na świecie programistka to:,Ada Lovelace,Anne Milbanke,Grace Hopper,Susan Kare,Cieplucha,Maciej,,,,,,,,,,,,,,,,,,,
50000,"Jak nazywał się pierwszy i jedyny w dotychczasowej historii Polak, który odbył lot w kosmos?",Mirosław Hermaszewski,Jan Kos,Zenon Jankowski,Adam Dęblina,Cieplucha,Maciej,,,,,,,,,,,,,,,,,,,
100,Co to jest planimetria?,Dział geometrii,Choroba zakaźna,Jednostka medyczna,Dział nauk o projektowaniu przestrzeni,Michalski,Marek,,,,,,,,,,,,,,,,,,,
200,"W jakim mieście można podziwiać ""Panoramę Racławicką""?",Wrocław,Kraków,Warszawa,Łódź,Michalski,Marek,,,,,,,,,,,,,,,,,,,
500,"Ktory insekt spowodował krótkie spięcie we wczesnym superkomputerze i zainspirował termin ""bug""?",Ćma,Karaluch,Mucha,Pająk,Michalski,Marek,,,,,,,,,,,,,,,,,,,
1000,Niebieskie pole na fladze pańśtwowej Czech to?,trójkąt,koło,prostokąt,trapez,Michalski,Marek,,,,,,,,,,,,,,,,,,,
5000,W jakim języku opublikowano oryginalny pamiętnik Anny Frank? ,Duński,Angielski,Francuski,Niemiecki,Michalski,Marek,,,,,,,,,,,,,,,,,,,
10000,Jak nazywa się stolica Islandii?,Reykjavík,Hafnarfjörður,Vatnajökull.,Grundarhverfi,Michalski,Marek,,,,,,,,,,,,,,,,,,,
50000,"22 lutego, jaki zespół wygrał nagrodę Grammy w kategorii ""najlepsza grupa heavy metalowa""?",Jethro Tull,AC/DC,Living Colour,Metallica,Michalski,Marek,,,,,,,,,,,,,,,,,,,
100,Ile państw graniczy z Morzem Bałtyckim?,5,7,8,9,Kustosik,Jakub,,,,,,,,,,,,,,,,,,,
200,W którym roku powstał pierwszy komputer?,1936,1946,1966,1968,Kustosik,Jakub,,,,,,,,,,,,,,,,,,,
500,Kto jest stwórcą Stoicyzmu?,Zenon z Kition,Seneka,Epitekt,Marek Aureliusz,Kustosik,Jakub,,,,,,,,,,,,,,,,,,,
1000,Jaki jest najodleglejszy ludzki obiekt w kosmosie?,Rakieta Starship,Sonda Voyager 1,Łazik Yutu 2,Satelita z konstelacji Galileo,Kustosik,Jakub,,,,,,,,,,,,,,,,,,,
5000,"Jak nazywa się człowiek o pseudonimie ,,The Iceman"", który pobił najwięcej rekordów Guinessa związanych z zimnem?",Carl Gustav Jung,Wim Hof,Mark Zuckerberg,Will Smith,Kustosik,Jakub,,,,,,,,,,,,,,,,,,,
10000,Jak nazywał się pierwszy w pełni funkcjonujący łazik na marsie?,PrOP-M,Opportunity,Spirit,Sojourner,Kustosik,Jakub,,,,,,,,,,,,,,,,,,,
50000,Ilu królów miało w swojej historii Tahiti?,3,4,5,7,Kustosik,Jakub,,,,,,,,,,,,,,,,,,,
100,Z jakiego kraju pochodzi sztuka walki Muay Thai,Tajlandia,Japonia,USA,Brazylia,Nowak,Nikodem,,,,,,,,,,,,,,,,,,,
200,Ile zawodników jednej drużyny gra na boisku w siatkówce?,6,11,5,2,Nowak,Nikodem,,,,,,,,,,,,,,,,,,,
500,Prezesem PKN Orlen obecnie jest?,Daniel Obajtek,Iwona Duda,Jacek Sasin,Jan Emeryk-Rościszewski,Nowak,Nikodem,,,,,,,,,,,,,,,,,,,
1000,Jaki bank obecnie ma największy kapitał w Polsce,PKO BP S.A.,PEKAO S.A.,Santander Bank Polska S.A,Bank Spółdzielczy,Nowak,Nikodem,,,,,,,,,,,,,,,,,,,
5000,Kto napisał dzieło 'Obrona Sokratesa',Platon,Sokrates,Arystoteles,Diogenes ,Nowak,Nikodem,,,,,,,,,,,,,,,,,,,
10000,Medalion jakiego zwierzęcia nosił na piersi wiedźmin Geralt z Rivii,Wilka,Kota,Niedźwiedzia,Gryfa,Nowak,Nikodem,,,,,,,,,,,,,,,,,,,
50000,"Niebieski ser pleśniowy pochodzący z północnych Włoch, z regionu Lombardia",Gorgonzola,Camembert,Brie,Gouda,Nowak,Nikodem,,,,,,,,,,,,,,,,,,,
100,Przedstawicielem jakiej dynastii był Zygmunt August ,Jagiellonów,Wazów,Piastów ,Andegawenów,Alicka,Martyna,,,,,,,,,,,,,,,,,,,
200,W którym wieku Wincenty Kadłubek napisał swoją kronikę?,w XIII,w XIX,w X,w XVIII,Alicka,Martyna,,,,,,,,,,,,,,,,,,,
500,Milva była mistrzynią: ,Łuku,Miecza,Procy,Topora,Alicka,Martyna,,,,,,,,,,,,,,,,,,,
1000,W malarstwie polskim epoki baroku pojawia się niespotykany w innych krajach portret trumienny. Malowany był:,na blaszanym podłożu ,na płótnie,na drewnianym podłożu ,na kartonie ,Alicka,Martyna,,,,,,,,,,,,,,,,,,,
5000,"Michał Anioł to człowiek renesansu, które dzieło wyszło spod jego ręki?",Wiosna,Pokłon Trzech Króli,Sąd Ostateczny ,Narodziny Wenus,Alicka,Martyna,,,,,,,,,,,,,,,,,,,
10000,Kogo pokonały wojska Rzeczypospolitej w bitwie pod Kircholmem?,Szwedów ,Turków,Kozaków ,Tatarów,Alicka,Martyna,,,,,,,,,,,,,,,,,,,
50000,Co w starszej Mowie oznaczało imię Cirilli - Zireael? ,Jaskółka ,Iskra,Gniewna,Lotna,Alicka,Martyna,,,,,,,,,,,,,,,,,,,
100,Bohaterem którego konfliktu zbrojnego był Rotmistrz Witold Pilecki?,II wojny światowej ,powstania listopadowego ,I wojny świadowej ,powstania styczniowego ,Alicka,Martyna,,,,,,,,,,,,,,,,,,,
200,Sandro Botticelli to włoski malarz epoki:,renesansu ,modernizmu ,średniowiecza,baroku,Alicka,Martyna,,,,,,,,,,,,,,,,,,,
500,Kim chciał zostać Zdzisław Beksiński?,filmowcem ,architektem ,rzeźbiarzem ,projektantem ,Alicka,Martyna,,,,,,,,,,,,,,,,,,,
1000,Jaki kierunek studiów skończył Beksiński?,architekturę ,historię ,filmografie,grafikę projektową,Alicka,Martyna,,,,,,,,,,,,,,,,,,,
5000,"Jak nazywała się grupa artystyczna, z którą wystawiali w 1958r. Beksiński, Lewczyński i Schlabs?",Grupa Podwórko ,Grupa Krakowska,Grupa Gliwice,Grupa Antyfotografia,Alicka,Martyna,,,,,,,,,,,,,,,,,,,
10000,"Jak  nazywał się artysta, którego twórczość zainspirowała Beksińskiego przy tworzeniu pracy ""Gorset Sadysty""",Hans Bellmer,Takashi Murakami,Rene Magritte,Pablo Picasso,Alicka,Martyna,,,,,,,,,,,,,,,,,,,
50000,Jaki polski periodyk jest uważany za najważniejsze czasopismo publikujące fotografię reportażową w latach 50.?,Świat ,Life,Polska,Kraj,Alicka,Martyna,,,,,,,,,,,,,,,,,,,
